-- phpMyAdmin SQL Dump
-- version 5.2.1
-- https://www.phpmyadmin.net/
--
-- Host: 127.0.0.1
-- Generation Time: Dec 19, 2024 at 04:02 PM
-- Server version: 10.4.32-MariaDB
-- PHP Version: 8.2.12

SET SQL_MODE = "NO_AUTO_VALUE_ON_ZERO";
START TRANSACTION;
SET time_zone = "+00:00";


/*!40101 SET @OLD_CHARACTER_SET_CLIENT=@@CHARACTER_SET_CLIENT */;
/*!40101 SET @OLD_CHARACTER_SET_RESULTS=@@CHARACTER_SET_RESULTS */;
/*!40101 SET @OLD_COLLATION_CONNECTION=@@COLLATION_CONNECTION */;
/*!40101 SET NAMES utf8mb4 */;

--
-- Database: `website_db`
--

-- --------------------------------------------------------

--
-- Table structure for table `billing_addresses`
--

CREATE TABLE `billing_addresses` (
  `id` int(11) NOT NULL,
  `order_id` int(11) NOT NULL,
  `user_id` int(11) NOT NULL,
  `username` varchar(100) NOT NULL,
  `address` text NOT NULL,
  `zip_code` varchar(20) NOT NULL,
  `created_at` timestamp NOT NULL DEFAULT current_timestamp()
) ENGINE=InnoDB DEFAULT CHARSET=utf8mb4 COLLATE=utf8mb4_general_ci;

--
-- Dumping data for table `billing_addresses`
--

INSERT INTO `billing_addresses` (`id`, `order_id`, `user_id`, `username`, `address`, `zip_code`, `created_at`) VALUES
(36, 47, 73, 'Ador', 'Comilla', '234', '2024-12-14 06:45:17'),
(37, 48, 73, 'anika', 'dhaka', '5678', '2024-12-14 06:49:33'),
(38, 49, 74, 'anika', 'jessor', '9876', '2024-12-14 06:53:52'),
(39, 50, 74, 'anika', 'dhaka', '123', '2024-12-14 07:20:27'),
(40, 51, 74, 'anika', 'Dhaka', '789', '2024-12-14 07:32:05');

-- --------------------------------------------------------

--
-- Table structure for table `cart`
--

CREATE TABLE `cart` (
  `id` int(11) NOT NULL,
  `user_id` int(11) NOT NULL,
  `product_id` int(11) NOT NULL,
  `quantity` int(11) NOT NULL DEFAULT 1,
  `total_price` decimal(10,2) NOT NULL,
  `created_at` timestamp NOT NULL DEFAULT current_timestamp()
) ENGINE=InnoDB DEFAULT CHARSET=utf8mb4 COLLATE=utf8mb4_general_ci;

-- --------------------------------------------------------

--
-- Table structure for table `orders`
--

CREATE TABLE `orders` (
  `id` int(11) NOT NULL,
  `user_id` int(11) NOT NULL,
  `total_price` decimal(10,2) NOT NULL,
  `order_status` enum('Pending','Verified','Cancelled') DEFAULT 'Pending',
  `created_at` timestamp NOT NULL DEFAULT current_timestamp(),
  `updated_at` timestamp NOT NULL DEFAULT current_timestamp() ON UPDATE current_timestamp(),
  `payment_method` enum('Bkash','Nagad','Visa') NOT NULL DEFAULT 'Bkash'
) ENGINE=InnoDB DEFAULT CHARSET=utf8mb4 COLLATE=utf8mb4_general_ci;

--
-- Dumping data for table `orders`
--

INSERT INTO `orders` (`id`, `user_id`, `total_price`, `order_status`, `created_at`, `updated_at`, `payment_method`) VALUES
(45, 52, 1500.00, 'Pending', '2024-12-14 06:42:27', '2024-12-14 06:42:27', 'Nagad'),
(46, 52, 350.00, 'Pending', '2024-12-14 06:43:09', '2024-12-14 06:43:09', 'Bkash'),
(47, 73, 750.00, 'Cancelled', '2024-12-14 06:45:17', '2024-12-14 07:10:53', 'Bkash'),
(48, 73, 750.00, 'Pending', '2024-12-14 06:49:33', '2024-12-14 06:49:33', 'Nagad'),
(49, 74, 750.00, 'Cancelled', '2024-12-14 06:53:52', '2024-12-14 06:55:37', 'Bkash'),
(50, 74, 1850.00, 'Cancelled', '2024-12-14 07:20:27', '2024-12-14 07:21:03', 'Nagad'),
(51, 74, 1100.00, 'Cancelled', '2024-12-14 07:32:05', '2024-12-14 07:32:34', 'Nagad');

-- --------------------------------------------------------

--
-- Table structure for table `order_items`
--

CREATE TABLE `order_items` (
  `id` int(11) NOT NULL,
  `order_id` int(11) NOT NULL,
  `product_id` int(11) NOT NULL,
  `quantity` int(11) NOT NULL,
  `price` decimal(10,2) NOT NULL
) ENGINE=InnoDB DEFAULT CHARSET=utf8mb4 COLLATE=utf8mb4_general_ci;

--
-- Dumping data for table `order_items`
--

INSERT INTO `order_items` (`id`, `order_id`, `product_id`, `quantity`, `price`) VALUES
(132, 45, 111, 3, 200.00),
(133, 45, 114, 2, 450.00),
(134, 46, 112, 1, 350.00),
(135, 47, 114, 1, 450.00),
(136, 47, 113, 1, 300.00),
(137, 48, 114, 1, 450.00),
(138, 48, 113, 1, 300.00),
(139, 49, 113, 1, 300.00),
(140, 49, 114, 1, 450.00),
(141, 50, 110, 2, 250.00),
(142, 50, 114, 3, 450.00),
(143, 51, 111, 2, 200.00),
(144, 51, 112, 2, 350.00);

-- --------------------------------------------------------

--
-- Table structure for table `products`
--

CREATE TABLE `products` (
  `id` int(11) NOT NULL,
  `name` varchar(100) DEFAULT NULL,
  `status` enum('available','unavailable') DEFAULT 'available',
  `description` text DEFAULT NULL,
  `image` mediumtext DEFAULT NULL,
  `price` float DEFAULT NULL
) ENGINE=InnoDB DEFAULT CHARSET=utf8mb4 COLLATE=utf8mb4_general_ci;

--
-- Dumping data for table `products`
--

INSERT INTO `products` (`id`, `name`, `status`, `description`, `image`, `price`) VALUES
(110, 'Barbie doll1', 'available', 'A Barbie doll is a fashion-focused toy', ' https://encrypted-tbn0.gstatic.com/images?q=tbn:ANd9GcSKVDThzNLtRJ5-ECGertTdiDCTbQhXW5ngWg&s ', 250),
(111, 'Car', 'available', 'Kids car', ' data:image/jpeg;base64,/9j/4AAQSkZJRgABAQAAAQABAAD/2wCEAAkGBxMTEhUSExIWFhUVGBgWFxcXFRgYFxgYFRUWFxUZGhUYHSggGh0lGxUXITEhJSkrLi4uFx8zODMtNygtLisBCgoKDg0OGhAQGy0lICUtLS0tLy0tLS0tLS0tLS0tLS0tLS0tLS0tLS0tLS0tLS0tLS0tLS0tLS0tLS0tLS0tLf/AABEIAOEA4QMBEQACEQEDEQH/xAAcAAEAAQUBAQAAAAAAAAAAAAAABAECAwUGBwj/xABDEAABAwIDBQUEBwYEBwEAAAABAAIDBBESITEFBkFRYRMicYGRBzKh0SNSYrHB4fAUM0JygpJjorLxFTRDU4OToxf/xAAbAQEAAgMBAQAAAAAAAAAAAAAAAQIDBAUGB//EADQRAAIBAwMCBAQFBAMBAQAAAAABAgMEERIhMQVBIlFhcRMyodEGgZGxwRQjQuEzUvAkFf/aAAwDAQACEQMRAD8A9oQBAEAQBAEAQBAEAQBAEAQBAEAQBAEAQBAEAQBAEAQBAEAQBAEAQBAEAQBAEAQBAEAQBAEAQBAEAQBAEAQBAEAQBAEAQBAEAQBAEAQBAEAQBAEAQBAEAQFrnIAwIC5AEAQBAEAQBAEAQBAEAQFrnIAwIC5AEAQBAEAQBAEAQBAEAQFHOQFGtUNgsfUNGrh959AtStf21L55ovGnJ8Iwu2gz7R8vmufP8QWkeMv8vuZVbTZb/wASb9V3oPmsa/Edt/1l+hP9LLzRc3aEZ4keI+S2afXLOfMse6Ku2qIkRzNdo4HwK6FK5o1d4ST/ADMUoSjyi9ZyoQBAEAQBAEBRzkBa1vP9FAXoAgCAIAgCAIAgCAIAgCAsklDRcm364BYa9xSox1VJJItGLlwQpa7Puj1+S89c/iFcUI/m/sbMbb/sR5JXO1JPTh6Lh1764r/PJ+3CNiNOMeEWBq1NJfJWynSQUwqNJOShaocRksdGqacPKLZMsdVI3R1xydn8dV0bbrF3b/5al5Mxyowl2wTYNotdk7unrp6r01l123r+Gfhfrx+pqVLaUd1uTV2zWCAIAgCApZAVQBAEAQBAEAQBAEAQBAEBCrq7D3Qe9x6fmuD1brCtf7dP5/ov9mzQt3Pd8EDHfO9zzXkKlxOtLVOWWbqio7JFQoBUKxBVSAgCAKMAoQoYLSFRokxuasUolkzJT1To9M28j+HJdKx6vXtXh+KPk/4KVKEJ+jNtTVLXi4PiDqF7ayv6N3HVTe/dd0c6pSlB4ZmW6YwgCAIAgCAIAgCAtLkBcgCAIAgCAi7TrmQROleQGtBJJ0yFyVqXtz8CnlbyeyXqzJShrlg8Aqt+KkzzVvaubCw4WxGxa97h9HHbS9hje4ZgZAjE1aMOlUKlPTVWZPl98+ZmlXlF+Hg7LdDf+nrAGOIhnP8A03HJ3WN597w18dV5vqHRK1s3KHij6cr3NqlcRns9mdmyZcZScWZnAksffRbEZKRjaaL7LIosgYVOhkFcKnQMljlOgjJdZVcSclhCxNFi0rGySxyxMsjGCQbtNiOIV6NepRmp03hlnFSWGjb0FeH905O+B8PkvddL6vC7Wie0/wB/b7HNr27p7rgmrtGsEAQBAEAQBAEAQBAEAQBAEB5B7Wt4HzPZQQZulc0W0FjYgE8AcnE8AB1XEo//AF3Lq/4x2j/LNzHwqeO7PH94a1rnNhideGAFrDa2MkgySkc3uF+jQwcF2ksGo2ajVSQdvul7R56W0c154eRJ7Rn8rzqPsnyIXGv+jUbnxR8Mvo/c2aNzKGz3R7Ju9vDT1bMdPKHW95uj29HNOY+48CvGXljXtZYqL8+zOhCpCoso3kc3NYoVWtpEOPkSAVtReTGVViCl1GSShKq2C1+WbiGjqodKWMyeF9QnnjciuqmaNu5YJKPZfqZVF9zGZ+dh5j8FiayXSMbpm81CgyyQZLxBz4K0XKDUovDRLimsM32za7H3Xe8PiOa9z0jqquo6Knzr6+pybih8N5XBOXbNYIAgCAIAgCAIAgCAIChcgNdt+t7KFx1JBy4kAZ+uQ/qXL6tc/Bo6U8Slsv5f6Ge2p65+x82ba2g4CoqHn6ad0lPH9lg/5p4vzxCIdHP5Las6UadGMY+S/QitPVJnGraMJWyAogN3uzI+OQTMc5jmaOaSM/xHQ5FY6lKFSLhNZTJi2nlHtu7O+rJcMc9mSmzQRfA8+P8ACehyzyPBeN6h0OpQzOl4oeXdHQpXCls9mdjG62i4sJOPBmaM4cLXW3GcXHJjw8keprmM1Pz9FidXPyl402yBNtF5GVmDm73j4BQpPj9jKqaIXag8C883aemnqowXwUdO7Q5choPKyaVyWSSIW0tqQwNxzzNjbwxHW2uEanyBWeha1a7xSjkrOpGC8RzrvaLQA2DpT9oRG3xsfgukug3TWdvbJr/1lM3mx946ao/cztedcBu14tr3HWPnay0Lnp9eh/yR281ujNCtCfys31NUkEOGoN1qUqkqFSNSPKLTgpLDOsppw9ocND8DxC+i2tzG4pKpHucScHCWlmVbBQIAgCAIAgCAIAgLXlAUDeJUNpLLBotpy43k6tGQ8s7+v4LwHWb5XNx4X4Y7L+Tq21PRDfk8f9om40pL6imvIwgl0Vu+zvukcY/rAuc4luueVxp2+k9ZhNRpVtmtk+z+xguLdrMonlK9KaIQABAdTsyIMYBx/HUoCYHoDrt2d75ICGyEvitaxNy0cwTqPs/cuJ1Do9OunOktMvo/Q2aVw1tLdHoldU593kPiNV4rQnJnUprY1+PiNfrHXyWVRzsXOV29v3SU9wHdvKMsLDcA/af7o8rnouta9HuK2G1pj6/Y1ql1Thst2cDtf2i1kp+jcIWcAwXd5vcL+ll6C36NbUl4lqfr9jSnd1JcbHc7h7fkqaN75TifC+2K2ZaA11zbjYkLh9Us6dC4iobKS+puW1WU4ZfKNJ7XI7mF/wBV0sZ82xPb8Cfguh0B4jKPs/3Rr3y3TPPAvQmiXXLSHtJa5uYc0kEEciNFDSawyU2nsex+zzeZ1XB9IfpY3NY4/XDh3HW55EFeK6vYK3q5h8r39vM69tW+JHfk9J3eqe8WHjmPEa/D7lsfh6501JUXw917mG9p7KRvl645oQBAEAQBAEAQFHFAY5HBou4/n5c1guLinbwc6jwl/wC2LRi5PCNVV1Zf0by+ZXhuo9XrXb0rww8vP3+x0KVCMPcjELjNYNhMxPCmOS2Th99PZ7DV4pYrRVGuIDuPP+I0aH7Qz53XoOndbqW+IVd4/Ve32NerbRnvHZnjG2NjTU0himjcxw5jIi/vNdo5vUL2VCvTrQ103lHNlBxeGY6aMXB+R0OizFTfRPyQGdrkBud3aDt544uDnd7owd5/+UfELUv7j+nt51PJbe5kpQ1SSPU6iS5PjbwC+exXdncSwsHjXtE3skmmfTROLYIyWODTbtHDJ2I8Wg3AGhtfw9r0rp0KNNVJrMnv7exyrm4c5aVwcSGLsGoZGtUA9H9kJu2oi+tf4tsF53ryw6c/JnQsns0SPaW3FTRv/wASFx/8kD2H4xD1VeivTVlH0f0f+yb1eFM82AXpDnEygoJZndnDG6R5GjRp1J0aOpWOrWhSjqqPCLRg5PET07cHdOakjeZS3tJHxHAHXwtY4E3OmLN2QvoM15XqnUaVxJKHCT39WdO2oygtzv6KbBI13Ij04/C649lUdK4hNeaM9aOqDR2S+jnDCAIAgCAIAgME9U1uWp5D8eS5t71Wha7SeZeS5MsKMpkGavedLDyufivN3H4gup/8aUV+rNqFtBc7mJ7ifeNz5WHkufcXNaqk60tT/YyRil8qwYyFotGRGMstp6cPyUFslr2qvBKMFuXorFiDtfY8FVGYp4w9vDm082OGbT1Hmtm2u61tPXTeP59ys4RmsSR47vVuDPRuMkQdNBqXADGzo9g1AH8QFvBe06f1ijdJRl4ZeX2+xzatvKG63RqIHggEcV2DXJDTmgO/9m9LZs1QeAETfE2c/wCGD1K8v+I6/wAlBe7/AIN+yhluRudv7S/Z6eWfixpI6vPdYP7nBceyofGrxp+v07m7Wnog5Hz+R5r35wyqAuCA7j2ST4amQc8J/wBV/wAFw+vRzQTN6xfiZ02+VI6SkfGxhe4CzWtF3HsKoDIDXuPcVz+m1FCupSeF94/6M9xFyp4Ro9geziR9pKp3ZM17NtjIehOYb5XPgt2765Th4aK1Pz7f7NelZye8tj0TZlBDTs7OnjDG8bak8yTmT1JXmri4q15aqss/sjoQpxgsJGzipjxy6cfNacp+RbJLbCOSwubyQ2bODajwQHAEcbDPxXpLP8RVIyUayWnjK5NGpaRxmJt2uuLjQr2MJqcVKO6Zz2sbMqrAIAgCAhV1Vbut14nl+a8/1jqrof2aXzPl+S+5s0KOrxS4IbGj5ry0IpvMn75NtvyMeK5v6LB8ROWe3YtjYvV3hkFMKhwJyWOHBYpJ5wTkoRa97DxyU6HF7jOS0Nab5jPWynTEnLMUsXmOH5quMEplAw8VRvyLZRyG824UFQTJF9DKdS1owPPN8Ytn9oEHnddyw67WoYhU8UfqvZmvUt4z3WzPOdr7DnpXWmjIbewkb3o3eD7ZHPR1j0XrrW/oXMc05fl3Rozoyhyj0/YtGYKSGIizrY3jjif3iD4ZN8l4u/r/ANRdTqLjheyOrbw0QSOP9q9dhp44Qc5ZLn+WIXP+ZzfRdboNHNSVTyWP1MF7PEVE8swr1JzClkBkaEyDuPZbsx5kfUWIZk0O4Eg3dbwy9Vw+t14qmqfc3rKDy5Hpuz4nOMgAzbK4g8sQDj64l5es8KPql9DoI2QobZvddasqnZE5M1KxuZtpp481XV58kSzwTIIQePxSlR+I8N4McptGaSFg1dn0K2KltRgt55ZRTm+xDkeBxWikZ0vMn7Eq7O7Mm4dct6EZkeYz8ivVfh69ep28vdGjeUljWjdr1pzwgCAgbb2j2EWLVziGMHNx0+AJ8lWTa4JSyRIaZ7I+0ldic4g8OPgvN9YsqVKm7jG+d/XJt0ajk9KMT5b6cV5OrWclhbG4o4LCf196wSe5ZFQ5FJhou7RZFNlcGEOLjlkFKbZdpRM4iHieZzKypIx5ZfZWa9CpYWEZhUcWt0WyVbn8lOlT4I4KGFU+C+xOsjzRWz4KHGUTJGSexo6uW7j0/wB/ktmnHETKeRe1GYurGtJyZEyw6uLnE255j0C9j0WKjbZ82zlXjzUwclE0khoF3HIAC5N+QGZXYbwss1UjqtjbgVk1i5ghYbZy5Oz5RjvX6Gy5Vx1i2o7Z1P0+5sQtZy9Dv9gezOljs6W87h/3O7H5RjX+ouXCuOuXFXw0vCvr+v2NqNrCO8tztWUcTAAG3sLBrRZo6WC5Eqibbk3Jmws9tkR5anDJlkHjMD6zdPOxPoFG8oPthllFZMb5CdVjUcFy9kihrcF4qLcVGjJGDQbwb501LlI+77X7Nnef5j+HzIXRtOk17jeKwvNmKrXhT2bOSpvaPPUSOZTUYcQ0vs6Tvua217NA1z0Fyu5D8O00vFN/oajvn2Rv9yfaGyeYRyRdlK0mzSbtJ90tuQC12Z4fJa1XptTp81cU3qS5MirKtHQ9j12nmD2hw0Pw6L0trcwuKSqQ4f09Dnzg4S0syLYKBAczv0SGQv8AqSXPmLA+pHqsFSooyin34LwTaZAj20+Zoj4YhnyAB/Gy43XqyVtpfdm1aw8eTZRm5A4D7gvFx8UjdawiwOWF8lsFwKJNkPYx+8eg4rLjYn5V6mYdFjcslC9rleM8MhozArdTyULrq2UuSDELB2I5D7/JYoOMZ6pbIs8tYRZLWAafFRO4y/Ci0aT7kGoqgcjmsOJyeWZowwc9XPwgm982/FwB+C36UdWES3savam6EFZMyaUPu1uFzWZdpY3bidwAzGVibjPJbtDqlW2pOnHHo3289jBVt4zlqZ0OydgxQC0UUcI44W3cfF5zPmudcX9Ws8zk3+36F404R+VGw7jep56n1WpmUjJuYZazkrqn5kpIjumPNZFHHAI1U+2A8nj/ADNcPxCzUllSXp+xDZmc9YkiTH26toJON3s3ydd9PSuaHNylmPuRXywg54nm3C/QE3t6HpnR08Va3HZfc0Li6x4YfqcX/wAHgxNa6WWWWQtJwkNN5AHAkPa6+TgSS7ivTLZHO7kCVj6SWKogkJAdijkAwuD2WJa4A5HMaGxDlYg9s27uqzalPT7Wow2OsdGyUhuTJjYY43E27wILQ88rHgRjqQVSDi+5eEtMkztN06gyQ4jlfCbcrsBK4vQYaKdSHlJmzebyT9Ddrv5NQKCDR7ee2QYNQLg8je2XwXjet9SjOrGFF7wfPqdG0pNJuXc1NJStYLNFlwbi6qV3mo8m4oKOyJTHZ+SwxeBJbFoKqTgtlk4DU/qyvBdyMdyQxthYeZ5niUm87RKd8syCNQqXmQ5F2ALJ8JJbldQx2RTxwMZI8tVZRrk+DIqZBmrFMabfJkSSIbqsnIC5/XJZ1SS5JKx0Uj9ch+uCh1YR4IyZzsqPCWv71wqxuZasoh5fBmin7ugFsjyuMlSVNuQME1T1ufgrKmiURXyFZVEsYy5WwQMSYBHrnd0fzx/6wstFeJ+z/YrIvqZMrc1WEdyxyW+G2ZG4KSnP08+VxqxnF2WdzY6Z2aeNl3elWKqS+LNbLj1Zp3VZxWiPJyex2iSQU8cLpITk+MAB7cOXbY/4ZPeuDlh7uY09Ocwvb2b5aiR8jWOIe2NrSHvAd71gDYWjxNBJGbghBA2yAKdwuT9JGRe1ybSjO2V8P3BSgfQ3spjLdkUYde/Zk58nSPLfKxChA3Wwdl/s0LYsWIi13WtewDRl4AfFatpaqhGST3bbZlq1PiNM2K3MmPIUMg5ZzS1xY7Vpt48j5jNfMb23lQryhLzO1TkpQUkULbLVTMiLQcwpJYv8EwDBTvxOLuX46eg+9ZZrTHCIZPa5YVsUaMgkWSNTCKuJZJMBmTc8vzVtnu92FFs109YTl6AKVDO7MqSQjopH5nujrmfRXWFwQ5pE2HZTBqMR6/JWxJmJ1WZjGxuWEeWSo0s+IjUyx7BbW3h+axy+Gi0XIgTxuGeo6fJTFxZmTNV2vfeOeF/qLH/T8VtuPgT/ACC5Li5RgksJU4BQqQLoCLtE91vWSIf/AECz268T9n+xSfBbXS2OZyGZSjDOEu5aTxueV0k/7TJVVLnmP3Wh1i4ta94DQ0NzvhZh1A7xzC9zQpKlTjTXY4c5a5OTNuNsOwSSMyMUX75wBlecbR3yBY90ua29zpmVlRU1Uj4XQtl7NzZnYmvwuAZkbg2IuL3Hd0Fj4KUQQ3UUlRLDRRC8krwc+BcLMDjwDW3ceQd0QH1Ts6jZBDHAz3YmNjaOjGhoUAksUguQBAa7a1BjGNnvtH9w+r8lyOrdNV3DVH519TZt6/w3h8GlilvkfAg6g8RZeAqU5Qk01udTZ7oSM5KEyUzC91xZXXJJWFlr9SrSeQZMdtVjayyDDLVngrxpkpFIqdz8ybD4+QV8xjsVcscGyp6RrfdGfM6qUnLgwuTfJlLrI5KPJGMmOSsAyAVv6jKxFFlSfcwsrAMyL/NKdXS8yjkl0m+DHLWA52WKpmbzjBeNPBHM6hU2ZCJU04PeAz08Qs0KjS0vgYIV1nwCl0BQqQVCIgi7SBIYACfpYzl0N7/cs9B4cvZlZ9jXb1xSspqh2Aj6J9j/AEHP0Wz0/S68E/MpXf8AbePI8t3Tq2hz4XuwtmAAdlYOaTYG+QuHObc6Ehe1OKdpsjZ78TmOa5kdsmtaXEkEZkBriXZDvEW5W4RglHP7dmhpy4Ah78RLWXDsB0vK4EtvlfAC7hcjRTgZPTvY1uM+nvtCraRUSg9kx3vMY/Nz3A+692luAP2iAIPU2j9dUBegCAIAgNZtTZePvsyfx5O8eR6/ocbqnSY3S1w2l+5s0Lh09nwaWOXgciDYg6gjgvC1aMqcnGSw0dRNSWUHM5KkZeZYsxEK3IMRBcrZSBnghaOpWOUmyGYmVGOoEZdZrQCbcSdB9y9T0Kwpum601lvjJpXNRp6UbTalfGx4jaQHcbWscvvWXrVmoU/i0lhrnBS2eqWJEF9RfivJaW92dFRSIs03XJZYxJwcpvVvnBRjCbySkXEYIB6Fx/gHqei7Fh0mrc+LiPn9jBWuY09uWea7T31rpibS9i06Nj7psft5uPqvTUelWtJLw5fr/wCwc2dzUl3NBJPKXY+2e52RxY3Yr88RN/Nb6pwxjCx7GHU+cnoG4O/0pkbTVTsQd3WSHJwdwa48QdAdb87rz3Vej09Dq0VhrlG9b3Ms6ZHoVULG/Necp7o6Jjur4BfFGXGzQSeiIhvBsYtk8ZXBo5cVZxx8zx+5j+Jn5VkyPrIohaNvnxVNS/xX5saJP5mcrv8A7TkZQyyPjf2b2uiacNm3kaWjM2Fs+HJdfp3T606sakuE85f8GCvVpxi4rk8Ha6y9ccs6rd/d7alUAynhmcw2F3XbCB/M8hvkEB7BuF7Jo6V4qaxzZ5xYtZa8UZ4HP33DgSABy4oD0whAVQBAEAQBAEBq9r7JEvfYQ2QceDgODvnqOui5fUemQuo5W0jPQrun7GgZOWuwSNLXjVp+8HiOoXh7mzqUZOMkdWE4zWUSRZy1N0W4LXMspzkZMd1JJo9sEsk7QaOAz5ED5Bet6Hcp0vhd0aV1T3yaGWR5mbJiN8Q+BXUvsfAlq8jBRzrWDqY5CG3Oq8Q477HVOL9oe9X7NGIoz9NKP/WzQu8Sch4E8F3Oj9PVaXxJ/KvqzVu6+haY8s8w2dQyTvc6+gL5JHEmwwlxJ4udZrstTY+K9csJYRyuTcUlPC0SfQGQsYHAyYi5znSxMAEbDhA+k07x6oQVr9kNcXRiNsVQwF2BjnOY4tBc6JwcThkDQfdNrjDa6kHMOfYh4yIN/MZgqMJrDJWx9C7Ma+ohic3UtaST1GfxC8BUp/DrTivM7cZrSmzZx0ETM5HYjyGnp/ssTku/0GqT4LnbUtZkTNdA0XJ9MyrxVSe0Fj25IcEt5Mk02w6iU3kPZt65u/tH4ldW36HVn4qm31ZgneQjtHc3lBsKGKxw4nfWfmfIaD0Xet+m0KG6WX5s0qlxOfLJldRRTMMc0bJWG12SND2mxuLtcLZEXW/gwEag2FSwfuaWCLj3IWNPqAgNhdAEAQBAEAQBAEBaXIC5ARdobPjmbheNPdcMnNPMH8NFrXNrTuI6ZovCpKDyjmK6ilp83d+P/uAafztGnjp4LyN90apR8UN0dKlcxns+SsNWDbiP1xXClTaNnHkZi1rtPzVd0RuiPPTXBBs4cvyWWnUcJaovDJymtzXjZ0bXXDLHrfL1W3O7rVFiUsiMYrhELbFc2KN8jzZrAXHwA4deCva0XVmoLuTOSitT7HhFbVyVdQ6Q5vlcAByucLGjoMgvfUaUaNNQjwjhzm5ycmdhs+CkjdE0yTtwF7COxDopXFuGV2IOvmDbQ2AAWQoSZoJ6Vzo4sUlXI3s2mJmMMaSxxcCDiD8ha7RaxdfJARW0ojmhJkDpQ9vaBubGBnvDtNHuGFwcRkCLZ6qcEs4EnuhCD272bVk89Exscb3FpcwkNIabHLvnu8ea8r1DptSdy3BNp/odOhXgqa1PdHf0e6hNnTSH+Vn4vP4DzW1bdDjHDqv8kY6l6+II39HQRRD6NjW8CQO8fFxzPmV2qNvTpLEEkacpylyySsxQIAgCAIAgCAIAgCAIAgCAIAgCA0m0N3GOJdEeyeeQuxx6s4eIt5rlXfSaNfdbM2KVzOHqaOoimh/esIH1295n9w93+qy8vddJrUd2sr0OhTuITMsVbfWxC5bg0ZseRjrZ2nIH1V4x3yuCYrzPLfattK0TIQf3jiXfyssbf3Fp/pXqehUPFKo+236mlezxFROM3RYzti6QuDWRyvJbbEO7gBbfK4x3C9KzmnQSS00MWOP9qEpaY4Wyyx2a1wIc7Axtw0BzrC4BJ45pgnPoZKymldP+1B+B0kbHYWnCWvwjtb20aDd9jwcGgHhGcDBqdqT4GPlPvSB0ceVr3v2r7XyyJHi4cigPV/ZP7OqYUbKmrpmyTTXcGzNDmsjJ7lozldwAdc594aKSD1OKJrQGtaGtGQAAAA5ADIIC9AEAQBAEAQBAEAQBAEAQBAEAQBAEAQFCUBVAays2FC/MNwO5sy9W6H0v1XPuemW9fdrD80Z6dxOHDOc2hulUk3jkidb62Jh9AHD4rmf/AIbjnTLJtK+XdHl/td3OqoRFUu+kjwlj+zaS2Ig3BcdbOuRisB3bcl17K2/p6eh88mpXq/Elk4Ld+sbFM0vF43BzJB9h4sSOo18luGE9Ki3fjqZYZu0j7Jre9hY4l1gBHhfHG4OblnisRe1uKOL7BNEXeQUlJG9jZXvL34y3Ex0hP8QBZdsTSQ27nFzsjZjTmo0tclsoz+yrdF9fUjaFTGBTQm0TCO69zfda1p1jYTcni7n3rSVPfEAQBAEAQFCUBVAEAQBAEAQBAEAQBAEAQBAWucgDWoC5AEAQFCL5HigPM9+PZBT1OKakIp5znh/6Dz1aBeM9W5dOKA81/wDy7bEbi1tNf7TZosJ65vB9QibGDtt1PYv3hLtGUPtmIIicP9clgT4NA8UB69DE1jQxrQ1rQGtaBYADIAAaBAXoAgCAICjigLQ3mgL0AQBAEAQBAEAQBAEAQBAUcUBaG31QF6AIAgCAIAgCAIAgCAIAgKEoC0NugL0AQBAEAQBAEAQBAEAQBAEAQBAEAQBAEAQBAEAQBAEAQBAEAQBAEAQBAEAQBAEAQBAEAQBAEAQBAEAQBAEAQBAEAQBAEAQBAEAQBAEAugCAIAgCAIAgCAIAgCAIAgCAoQgACAqgCAIAgCAIAgCAIAgCAIAUBRoQFUAQBAEAQBAEAQBAEAQBAEAQBAEAQBAEAQBAEAQBAEAQBAEAQBAEAQBAEB//2Q== ', 200),
(112, 'Alphabet Puzzle', 'available', 'Educational toy', ' data:image/jpeg;base64,/9j/4AAQSkZJRgABAQAAAQABAAD/2wCEAAkGBw8QEBUQEBIQDw8NEBAQEBUODxAQFRAVFhcXFhYVFRUYHSkgGBslGxUVITEhJSkrLi8uGB8zODMsNygtLysBCgoKDg0OGhAQFy0dIB8rLS0tKy0uLS0rLS0tKy0tLS0tLS0tLS4tKy0tLS0tLSstKy0tLSstLS0tLS0tLS0tK//AABEIAOEA4QMBEQACEQEDEQH/xAAcAAACAgMBAQAAAAAAAAAAAAAAAQIFAwQGBwj/xABHEAABAwICAwsJBQYFBQAAAAABAAIDBBEFIQYSMRMVNEFRU2FxkaHRIjJSdIGSk7GzIzNyc8EHFiRCg8IUQ2KCoiU1RPDx/8QAGwEBAAIDAQEAAAAAAAAAAAAAAAEGAgMEBQf/xAA0EQACAQICCAUEAQUAAwAAAAAAAQIDEQQSBRMhMTNRUnEUMkGRsSJhcoEjBkKhwdEV4fD/2gAMAwEAAhEDEQA/AOt0m0nqTUyQwvMUUDtTyLBz3AeUS7aLG4sOReHjsbUVRwg7JHrYXCwyKUldsrBitXz8/wAV/iuDxVbrfuzq1FPpXsMYtVc/P8V/ip8VW637sjU0+lew996rn5viv8VPi63U/dkain0r2Q99qrn5viv8U8XW6n7sain0r2HvvVc/N8V/ip8XW6n7sain0r2HvvVc/N8V/injK3U/djUU+lew996rn5viP8U8ZW6n7kain0r2Dfeq56b4j/FPF1upjUU+lew996rnpfiO8U8ZW6mNRT6V7D33quel+I7xTxlbqfuNRT6ULfeq56b4jvFPGVupjUU+lDGLVXPS/Ed4p4ut1P3Gop9KLCg0lnhIMjzJHca4dmbcZB23C30tIVYNOTujTUwsJL6VZmPHtLJ3VEkUDtzihe6O7baz3NycSeLO4y5FvxeNqRm4wdkjwKs2nZFeMXqufm+K/wAVxeLrdT9zTrJcx77VXPzfFf4p4qt1P3GslzDfaq5+b4r/ABU+KrdT9xnlzDfaq5+b4r/FPFVup+4zy5j31qufm+K/xTxVbqfuM8uYb61XPzfFf4qPFVup+4zy5hvpVc/N8V/iniq3U/cZ5cxb51XPzfFf4p4mt1P3GeXMN86rn5viv8U8TW637sZ5cw3yqufn+LJ4p4mt1v3Yzy5i3yqufn+LJ4qPE1ut+7GeXMN8arn5/jSeKeJr9T92M8uZZ4Nj1THI3dJHSRlwDhJ5RAOVw453C6MPjK0ZrM7r1uZwqNPaz0BWA6zx2u4XU+tVH1HKrYnjS7v5LDR4Uey+CYC0WMgslgOyWAWQgLIB2QAhI0IBANACAYUogVb92VE9yEN5z2jUxkhbI7N0jQ93SXZnvK6MSrVZd2VOv52XzVoNQ1IHZAOyAdlJI7IB2QBZSB2QkLJYgLKbEjshBIjJHuB6orUd549WcLqfWqj6jlV8Txpd38lgpcKPZfBNaTIaAEAIB2UALIBoAQAgGgGgGFKII1v3ZSpuQjvOZ0O4NF+Uz5Bb8XxZd2VOt52dG1aTWNCBgICSkkEA0AwFIBCRqQOyAakAgGRksXuIPU1azvPH6zhdT61UfUcqtieNPu/ksFLhR7L4MgC1GQWQBZAFkA0A1ACyALIBoAQAgJBSiGRrfuylTchHeczodwaL8pnyW/FcWXdlTr+dnSNC0pGsakDQAgJAISOyAFkB2UEBZASWRIIBgKADhl7Ee4M9SVqO48grOF1PrVR9Ryq2I40+7+SwUuFHsvgmFqMiVkAIAQEXuslgWOHYS+aMSBwYHXtrNJuAbX29C9Cjo+VSCle1zkq4tU5ZbXM1RgUjGOfrtdqNLrBpBIGZ7llV0bKEHLNexjDGxlJK1irC8w7QQAhA0AwpBKobdiVPKI7zl9FbCLU44nPiPWxxafkt+Jf8l+e33KtiYtVGi5krWtyBueQZ9wXPmfoY06FSp5Y3Nd1c/iY/sHiou+Z0/wDj6/T/AJRsU1WHdB5DkpTOSpTlTdpKxtayyMDYwimdUue1rg3ctW+sCb3v4Ltw2EdZNp2sZxg5Fn+7kvOs9w+K6not9RnqWD9HpgMnMcfa1Yy0bO30yuNSytmicw6rgWuHEV586coO0lY1NNOzIrEgaEggGpAO2exRLcGeoq1HceQ1fC6n1qo+o5VbEcafd/JYKfCh2XwTWskdkA7IBKCTDIwuIY3zpHBo9uS204OclFepjJ2Tb9DvaeEMa1jfNY0NHUBZWiMcqSR4EpOTuzKpaurBOxxVbT7lI6PiacvwnNvdZVavS1VRw5Hu0p54KRiWkzBANSBoCV8kZBWHCItcvAcC83dqucATy2BsmaVkr7jXOhSlLNKN2bcNI1uwALGxt2JWSM25hMqFzWraW41m+c3MdPQjjl2nNiqCrQt6+hCCXWAPKFmVlxcXZl1oP95Uf0/k5e3ozyyN9D1OoqqhsbDI6+qwAmwudoH6r0KlRU45mbm7bWYcMxOKpaXREkNcWm4IIPIQesKKdWNSN4kRkpK6NbSOAGIP/mjcBfoORHbZcekKadPN6owrL6TnAvEOYaAdlIGgBwyUS3A9PVqO48iq+FVPrVR9Ryq2I40+7+SwU+FDsvgyBayQQAgE5Ab2jVNrzmQ+bA3/AJOyHdrdy9PR1O883I48bUywy8zp6ycRxvkOyNjnddhey9mcssbv0PMhHNJJGto/WmemildYvcwCS2zXbk+3+4FY0qinFSXqZ1qeSbiaGk9PmyUcfkO7y3+7uXlaUpWaqfo7MDU2OBTLxz0GJZAaAEA0IGgJBSAQErXCyavFkepTQixc3kee/P8AVaovYVzGwUa8kjoNBvvJ/wCn/cve0b5WYUNx1NVTtlY6N19V4sbGx232+xehUgqkcrNzimrMxYZhsVMwsiaWhzi913Fxc48ZJ6glOnGCtEhJLYjS0jmIa1ljquOsTxZbG/r7FwaSm1FR5mus9ligC8Y5yVlIGgEpA37PYsZbgz05Wo7jyOq4VUetVH1HKrYjjT7v5LBT4UOy+DItZIIB2QGKV1gpQOo0apdzgBPnTHdD7fN7rdqseDp5KS++08fF1M1S3oizfG1wLXAOadocAQesFdLV95zrZtQQQMYLMa1gvezGhovy2CKKSskJScndmLEafdInM4yLt/EMx3rTiaespSibKE8k0zjmqrWPcY1IHZACEAgJBSBhSAQxMgyBKzvaI9Slizc88rj3ZfoueG4ruOkpV5WOg0F+8n/p/wBy9/RvlZhQ3HTYhUGKJ0gAJYAQCbA5gfqu6tU1cHK17G2UrK5W4DjhqXvjczUdEGuuHawIde3FkcitWGxOuvstYxhPMWOKRh0LweJhcOtouFlioKVKV+VyaivE5JqrpyEkAKQCAJNixluDPTlajuPJKrhVR61P9Ryq2I40+7+SwU+FDsjItZIIAKkEIoDLKyIf5jgD0N2k9l1vw9PPUSNdWeSDZ3gaALDYMgrMeEc5imLTNmcyNwDGWGbQc7Z59fyXj4rH1IVXGO5HpUMLGVNOW9mmMfqGSML3Axl4DxqgeScib9G32LGjj6jmlLcbJ4Onldt52AXtHknJYxT7nM4DJr/Lb1HaO24VaxtLV1Wue09rD1M9NM1Fym8EIBSCYCmxBoTYmxrtW4uFrzP0RLcVsckmZ4qtrthTPzMspmEg5VOdGOVmCuq7N1W+c7IeKSmmrI0YiqqMHJ/o16eKwAUIrDk27svNCPvJ/wCn8ive0b5Wb6G46uaJr2lrgHNdtB2FejKKkrNXRuaTVmY6WjiiBEbGR6xudVoFzynlUQpxhsirEJI0scrQ1hjBBe8WNv5WnbfrXFjq6jHIt7MKskllOdC8U5iSALKQNAKTZ7FjPcGemq1HceSVXCqj1qf6jlVq/Gn3fye/T4cOy+DIsCWChgakDhe6N2uw2dYi9gcj1rbSrypO8TGpTjNWkZ3Y1UD/ADP+LfBbnpOsuRqWCpP0KioxFjSS97QXEk3cBmTdcTdSo20rnbCi7WSMJroZMtZrr8jgfklqkXdoydGS9C6gxuewaJMmgAXa0mwyXatI1krHC8HTvtQqirklsZHaxbe3kgbepaK+InWacvQzp0o0/KQWkzBASCkDmNmE9CmWyJC3nMaP+W10hzMsj336C46vY0NHsU142ll5JIreMnmrSZavoRtbdp6FpcWRRxdWlsjIxGll9M9ii32Ov/yta25GaCltmSSeUqUrnBWrTqyzTdzcaxZpGoy0Mj4XOdGdUyautkDs2betddHETpK0WZxk47jd32qPT/4NW7x1bmZa2QnYlUOFjIf9oa3vAusZYytJbyHUk/U1lzNtu7MBhQBqQCEjQCk2KJ7iGemq0nceS1XCqj1qf6jlV6/Gn3fye/Dhw7L4MiwJBRYDAQGGsnbGwvcbBouju9iM4RcnZHI1WITVBNiY4+IA2JHSf0XoUcHGKvLaz1KdKMN+1muyjC7VFG11CRo2nkU5UNYzPTyzRZtJewbQTs6iuSthIyV1sZqnCE/szpMOrRK0Eca8uUXF2Z5tSDg7M3woNY1JAwgFWZRnqU1fKhHecvodnTRdMbPkFtxPGl3KrX87OlatKNQ7ISSAUkDAQDUkjUgakEkAIBqQNCQUgJNnsWFR7CGemK1HceTVXCqj1qf6jlV6/Gn3fye/T4cey+CYWBLGoAwgKHTNxEQHE57b/Nb6CWtVzqwnnKaDzQvXR3y3mZSYggM9ONvUpRhIWjTjryDiD8uwLyMakpqxqxi23+x1IXIcJIqSCQQMVf8AdnqSr5URDectoZwWL8pnyC3YnjT7sq1XzM6Zq0mokFJIwpIGEJGEABSCQUgYQDCkAgGhIwpApNiwqeUhnpitR3Hk1Vwqo9an+o5Vevxp938nv0+HHsvgmFgSNAMKCCt0kpDLA62ZaNYdJBuPlZZwk4zjI34aeWZy9G/WaCvbW49KW82VJiCAzNfqsLjxBTuItdpG3o1T2ZrnbIS/t2d1l4eInnqNnLip3lsL9q0nKNSQSCBir/uz1KavlREN5y2ho/hYvy2fILbieNPuyrVvMzpgtJqJKSRhSQMISMKQAQEgpAwgGpAwhIIBqQKXYsKnlIZ6YrUdx5bpdTPpKqSRzTuE790ZJY6oLs3NcdgOtfI7clX8dh5xqOSWxnt4SpGpTUb7V6FQMXj5R2rgtPkderDfZnKO0J9fIatBvszlHaFH18hq0EuOQtadZzQLZ3IWUVOWxIjV2ZymHyBznlvmF7i3qJNl7lFNQSZ6S8qZvraQNAY8S+56NbO3IoqXy7CafmfYtqLF4dUBrhkOjJeBOFSL3HDOm7m0MWZyjtC12nyMNWPfWPlCWnyGrGMVj5Qlp8iNWZ6eR9W7cIAXvdYZC4YD/M8jYAt1KjUrSUUjCpaks0nY1cUo3YdUPhe0shdI51O4jyXscSWtDthLQbEdHIQuvG4ecajaWxlSr7HcbcUZyhcWrnyNGZEt9WcoU6upyGZAMTZyhMtTkMyMjMSYeMKPrW9E5kbkUwdsRMyTMoWaJJBSBk2F0bsDUlxBjeMLDNJ7kYuSRh31ZyhPr5EaxBvqzlCPPyGsQ99Wco7VP18hnRY4IHVcrWRtLmhw3RwHktHHc7L24lso4erVmo22evb1M4fW9h6arQdx49p/pZWSVclLTyvp4KYiMmFxY6R9gXEvGYAJIsDxZ7cuWpN3siyaNwNLVKpUV2+ZxEuHF5u8l7jtLyXE+0rTl+56yjSX9qIb0N5B2BMpNqXSg3oHIOwJkItS6USjwhg4mjqAU2H8a3RRvQQBgsEsRJ3MykwBASJuNU7ChK2O5oTYZG7iHtUWNmdPzGB2Et5B2BRlH8b9EG9LeQdgUZBam/RDbhLeQKcpDVPpRfYPjlbhxbI2WR8DCN0he8vY5vGGg5NNthFs7bdizg5R9Tlr4ShXi1lSfo1sLfSHSOoraiVrJZI6SKR8UbInFgkDCWl7yM3axBIBytbK+2zYbDU9Wm1ds+ZY/F1FPLF2RSbwwnMsaSeMtBK6NRS6F7Hm66r1MP3fg5tnuN8E1NJf2L2Guq9TGNHoObZ7jVDo0uhew11bqZM6PR2y8j8BLT3LXLCYaSs6a9idfWW25s6PBw1mlxcGOLQTxgG2aouk6MKOJlCG5HsYebnBNnQBcSOgkFIMWIa25P1PODHFvXbLvWcFFzjm3XV+xjNtRdjkKbC2SAOcTIXZ3eS757F9Cp4LDwjZU17HgyxFW/mNoaOwc2z3W+C26mj0L2Ri6tZ/3Ml+7cHNs90JqqPSvZDWVupk48AiabtY1p5WgApq6PSvZDWVupnUaP4vU00jQ6V8kJIa9sri+zTldpOYtttsWmth6U4vKrP7HVhcZWpzWaV163PTF4pZj57xQ3r6z12qHZK5cUvMy5YfgU/xXwCg2ApIBCQUASAEAISCAaAEAIBtUoDxg/YqTGl5ma2iDiadhOZLWk9atmH4Uex8lx+2tLuzpGrYcRJQSTYoJMOJz6kZPHxfp3rCpUVOEpv0VxZyaivUy4VAGMA47Z9K+b16sqtRylvZ71OKjFJFkFgjYNZAna4IUvcDlovs5nx8QdrN6nZ/O49iveiMQ6+Ei3vWx/o8LFQyVC3hN16DNUTKsTIaEkag+SeoqYbzXU8p60q8XA+fMS4fWevVf1Xril5n3Lnh+BT/ABXwJQbAUgFABACAEJBACAEAIAQEmqQGL/cqWY0/MzW0P4Oz8DfkrZh+FHsfJcdxpd2dK1bDiJBQCcagyRo47fVbybpHf3guHSV/CVLcv9mylxo/v4LSk2DqXz17z3UbYWSJGsgZGqQctiA/i8uaZf3nq1/03fUT5Zv9I8nSHmRaU+xWBnHHcZ1BkCgEKnzT1FZQ3mFXynrirpcD57xPh9Z69V/VeuKXmZc8PwIfivgFBsBACAEAISCAEAIBXQC1kMrBrhBlZJrwhFgxY/YrIxpr6mYNDx/Ds/A35K2YfhR7HyTHv+aXdnStWxnESUAk1QZDqYBI0tPGsJJSTjJXTJ271vRqU1U6PyZOLIHiPgqVpLRNXDycoLNHn/09PD4qMtj2MtI6pp41412t52J3J7uFOcm5r1OJNaLDNx2AbV2YTBV8VK1OOzn6GitiYUltK2nic5xkd5z+4cQV9weFjhaKpx9DxatR1JZmWMYst7CMigyGoBCp809RWUN5hV8p64q6XA+e8T4fWeu1f1Xril5n3Lnh+BD8V8AoNgIAQAgEhIIBtBOwE9QugbXMV0MiLkBq1E9utSouTsjJtRV27I1juxzDHEf+8q7I6OxDV8p5FT+odH05ZXUv2TYhVOabOBaf9QIWmphqtPzRO7D47DYnhVEzLiFcDC7/AEgnuWmN27I3TtCMp8kWujVOWQMbyNaOwK4wWWCX2PjuKnmqtl21Gc5JQABQkzMcsTIUrGu22UrYYuNzUNGB5rre1clXAYWrtlTXx8GSq1YK0ZCFM4/zE+1YQ0Xg6buqa/e35DrVpbHInHRgLvVkrJWRqs73bNhrLKLmaRMKDJEkJGgIVXmnqKmG811fKz15V0uJ884pw+s9dq/qvXE/M+5dMPwIfivgFBsBCAQkV0Bnw+kkqJWwxC73327GgbXOPEB4DjWUYts1V60aMHOW49GwbRamgALmiaXjfI0Gx/0tOTR39K6Y00kVvEaQq1nseVckXoy2dyzOJtlRpTDD/hZpJI2OcyJ2oXNBIccm2O3ziFhO2U7MDOproxjJ7WeVPyF1yFsQYRS653R2y/k3HerDo7DKENZLe/goP9S6WlVqvDU39Md/3f8A6LwRN5F6V2VCwpKVjhYgEFG7qxlBuLunYr5MAhJyGW21zbLo2LQsNRUs2VXPTlpnGulqpVW0/wD7fvLGKINFhxLeeZe+8yhQQO6gkkEJB5yQHSaAnWpnE5nd5Nua8rHNqps5FjwEU6KOm1ByDsC4szO3KuRB8DHCzmMcOloKlTkndMxlThJWaKfEtHmOGtD5Dx/LfyXdAvsPd1Lso4xp2ntR5uJ0dFpypqz5HMEEGxyINiDxFeorNXR4trOzBQAQkaAhVeaeorKG811fKz19VwuJ88Yrw+s9dq/qvXE977l0w3Ah+K+AUGwLoBXQEXOQHffs5oQ2B1QR5U7y0HkYwltveDj2LppLZcrmlKzlUyeiLzSHFhSQOltrOuGRtvbWcdl+gZk9AKzlJRVzkwuHdeooHnEuk2IOdrf4hzbm9mRxBo6AC0m3WSVzupLmWFaMw9rZfkz1WktTPTmnm1HhzmHXa3UdZp1rOAyOYGy2xHUbViKWj6dGpni/0U1eLR9aUoZpqPNnTVq6unKfJN+xZ0TA1gA4grfaysj49Vm5Tcn6m0FJrGoAwUA7oSCAkoAwoJIyHJAdN+z7gzvz5PmvJx/F/RY9H8FFppJUyRQa0TtR+u0X1WuyN75EWWvC04zqWkZ42rKlTzROVZpRVwkPkc2eIH7QFjWuA4y0ttn0EG/Qu6eCg19OxnnUdIzzWntR3sUgcA5uYcAQeUFeQ1Z2PcTOU0ppgyYPGyVtz+IZHu1V6+CneFuR4GkqahVuvUp11HnhdASQkx1PmnqKyhvNVXys9gVcLkfO+K8PrPXav6r1xPe+5dMNwIfivgV1BsC6ALoDHIckDPVdDLf4CC3N99zfvXXT8qKljePLuVv7SGE08RHmtnF+i7H2/XtWNZbDt0NJKrJfb/ZwC5ixkmKTFksRb9kT6Nj2LbRajOLfo0cuJg50qkF6xa/wb9I+7R1K3HyGexmxdDAEBIFQCV0JBASBUAaAi85ISdP+z7gzvz5PmvIx/F/RZNH8FFhpXwY/mM/VRgeL+jDSXB/Zwtd92ePLtXsXK+t56RhERZBGx21kbGn2BV2o05NrmW6Caikyl0xd5UQ4wJD26vgV6GAWyTPH0q9sF3OeBXoHlAgGgIVPmnqKmG811fKz2BVwuR874tw+s9dq/qvXDLe+5dMNwIfivgSG0V0FgQki9CDv/wBm2Ih9O6nPn0z3EDlY8lwPaXD2BdNJ/SVrSlJwq5vRnU19HHPG6KQazJBY8RFswQeIg5rY0mrM4KVWVKSnF7UcXUaByg/ZzMc3i3Rrmkddrg9y0an7nuR0zFr6obfsYMQ0PdBTyTOlD3RNDg1jbC2sAbk7crnYEdKyvczo6UVWqoKNrlHGA9paeMLWj0JbJXNPDqjUJidtbs6RxFWbAV9dS270fOP6g0e8LXc4r6Z7V/wtBOF22K/ciakBLA1J8ZiabFwBOW1YZ4p2bR0xweIlHOoO3M3oKgOFwsrHO01sZsAqAO6EjQCeclAOn/Z6f4Z358nzXkY/i/osuA4KLzF6IzxbmHBp1muuQTsutNCrq5Zt5sxVB1qeVOxW0Oi7GOD5HbqWm7QG6rQeI24yt1XGSlHLFWObD6OhSlmk8zL64G3IDl4lxHouSSuzhsbrxPMXN8xoDGdIHH7SSexe3hqWrhb19StYysqtVyW70NK63nKCEjugI1B8k9R+SyhvNdXys9hVbLkfO2L8PrPXav6r1wy8z7sumG4EPxXwRS5uBQAUgRQE6SrlgkbNC7VkZs4w4Ha1w42nkUxk0zRXoRrRyy3Hf4Vp5TPAFQHU8mw3DnxnpDgMvaAuiNWL3lfraMrRf0/Ui4bpLQH/AMqm9szB3ErLPHmcvhK/Q/Yrcb0roDDJEJN2MsckY3FpePKaRfW83j5VjKpG2868LgcRnjPLazT2nn1PKQuZMsco3HW04lAIycNhGRW2nVlTlmi7Gmrh6VaDp1Y5kVr2ztNtbtavRWlqttqR4sv6VwTd1KS9v+DbTyu85xt0ZLnq6QrzVr27HbhtA4DD7VHM/vt/xuHi2GsFOeVwP/3tXJmd7noySqQlTtssbmjk2vCx3K0HtCt8JXgn9j5Di45arRdtKyOZEgVBIwgB+xAXWhuKQU8DmTP3NxmkdYtecicjcArzMZQnOpeKvsPewWIpQpWcjoP3loueHuSeC5fCVuk6/F0eoxy6UUoHkl8h5GRuHe6wWUcHVb3WNctIUIrfco8Ux6WcagG5xnaAbl34j+g713UMJGm7vazy8Tj5VfpjsRWBdZ55K6gkaAEBCp809R+SyhvNdXys9jVbLmfOuMcPrPXav6r1wy3vuy6YbgQ/FfBjuhvJIAQCugEgFZAGqEAwgJByCxMSpcxsS3VBYW6ITYjij7wqTGC2sw6I8HZ+BvyVuw3Cj2R8i0gv5mdE0racRJAMFCRqAFgguMAICQUAYKgkkhA0JBCSQKgGOoPknqPyWUN5rq+VnsqrZcz50xn/ALhWeu1f1Xril5mXXC8CH4r4Md1BuC6ALoAugC6ALoTYSAEA0AIAQEgUAYifslJjHezFolwdn4G/JW7DcKPZHyHSHGZ0bVtOEaAaAd0JJKAAQEgUA7qAO6gkYKAd0A7oQQqPNPUVlHeYVPKz2ZVouh85Y2f+oVnrtX9V64peZl1wvAh+K+DHdYm8LoAugC6CwXQBdCbBdAF0AXQWHdBYLoLDBUgMRP2SXMFvYtFmlsLWnItaGnoIyKt+G4UeyPkOkOMy/aVuOEldQB3QACgJXQDugHdQB3QDuhIwUAXUWAw5LEkZz5J6j8lMd5rqeVntCrRdDwf9o+A1FLXTTiJ7qapeZmyMY5zQXWL2vIHknW1tu0WXLUg07lo0djKcqUYSlZrYcgMSb6Q7QtVj09ZDmS3yb6Q7UJ1kOYb5N9IdqDWQ5hvk30h2oNZDmG+TfSHag1kOYb5N9IdqDWQ5hvk30h2oNZDmG+TfSHag1kOYb5N9IdqDWQ5j3yb6Q7UGshzDfJvpDtQayHMBiTfSHag1kOZd4Bg1TiT2xRMk3J7gJJdUhkbP5jrnIm17DjKyjFydjmxOMpUYN32+iLvSvA56CrmcI3mlnkfNFIxhcxoeS4scQPJIcSADxAK0YTEQcFFuzR8x0hhZueZK6KZuMRem3tC7Lx5nl6ipyJb8Rem3tCm6GpnyDfiL02+8EuhqZ8h78Rem33gl0NTPkG/MXpt94JdcxqZ8h78xem33go2cxqp8g34i9NvvBNnMaqfIN+YvTb7wTZzGqnyHvzF6bfeCbOY1U+Q9+Y/Tb7wTZzGqnyDfmP02+8E2cxqp8h79R+m33gmzmRqp8i60cpZa2VjY2OdGXDdH6p1Gtvn5Wy9r2C01q0KUW29puoYSrVmll2er+x7Oq8WsEAigEgBACAFABSAQAgBACAEABASQAgEUAkAIAQCQAgBACAEAIAQDCAkgBAf/2Q== ', 350),
(113, 'House', 'unavailable', '', ' data:image/jpeg;base64,/9j/4AAQSkZJRgABAQAAAQABAAD/2wCEAAkGBxAQDxAPEBAQFhAPEA8QEA8PFQ8PEBAQFRYWFhcRFRYYHSggGBolGxUVITIhJSkrLi4uFx8zODMsNygtLisBCgoKDg0OGxAQGy0mICYvLS0tLS0tLS0vLy0tLTAtLS0rLS8tLS0tLS0tLS0tLS0tLS0tLS0tLS0tLS0tLS0tLf/AABEIAOEA4QMBEQACEQEDEQH/xAAbAAEAAgMBAQAAAAAAAAAAAAAAAQUCBAYDB//EAEEQAAIBAgMEBQkGBAUFAAAAAAABAgMRBCExBRJBUQYTIjJxQlJhgZGhscHRByNicoLwJFOi4RQzdLLCY4SS0vH/xAAaAQEAAwEBAQAAAAAAAAAAAAAAAQMEAgUG/8QAMhEBAAICAQICCQMEAgMAAAAAAAECAxEhBDESQQUiMlFhcYGR8BPB0TOhseEjQhRS8f/aAAwDAQACEQMRAD8A+4gAAAAAAAAAAAAAAAAAAAAAAAAAAAAAAAAAAAAAAAAAAAAAAAAAAAAAAAAAAAAAAAAAAAAAAAAAAAAAAAAAAAAAAAAAAAAAAAAAAAAAAAAAAAAAAAAAAAAAAAAAAAAAAAAAAAAAAAAAAAAAAAAAAAAAAAAAAAAAAAAAAAAAAAAAAAAAAAAAAAAAAAAAAAAAAAAAAAAAAAAAAAAAAAAAAANDG7Vp0pKMt5vV7tnu+OZh6n0hiwW8FtzPw8l2PBa8bhNHa1CXlpPlK8fe8icfpHpr9ra+fH+S2DJHk3ITTV001zWaNkTExuFUxpkSgAAAAAAAAAAAAAAAAAAAAAAAAAAABp7Uxyowv5csoL08/BGPrerjp8e/Oe0fnlC3DinJb4ORnNybbd23dt8WfI3tNrTa08y9SIiI1CDlLKnNxd4tp802mdUvanNZmPlwiYie7do7Xrx8u65SSl79Tbj9J9TT/tv5/m1Nunxz5N6j0hfl014xdvc/qbsfpv8A96faf2/2pt0nulu0ds0ZaycX+JP4rI34/SnTX89fP80pt0+SPJu0q0ZZxlF/laZtpkpeN1mJ+SmazHeHodoAAHG7c6WVqdWrSoRpfdycN+e9K7WumlndcdDLkzzEzEPZ6b0dS9IveZ58nI4jbm1pzUniUkndRordXrXEzWy5Znu9TH0fSVjXh+7ao9N8dRyrVKDtwqpQfsjmzuufL5qcvo7pJ7bj5f7X/Rjp8sXiaeFdJXmpvrYtxheMXKyUs3ozTjzTadS8rquhripN6zP2duXvNAAAAAAAAAAAAAAeWJrxpxc5PJe/0IrzZa4qTe3aHVazadQ5DGYmVWbnL1LglwR8f1PUWz5Jvb6fCHqY6RSNQ8DO7AksBJAACRKfI6iZidwiW3R2jWjpUl4S7XxNePr+op2vP15/yqthpPeG9R29Nd6EX4Xi/mbsfpm8e3WJ+XH8qbdJXylu0tt0n3lKPirr3G7H6WwW77j8+G1NumvHbl8r6WyqQxuJqQU1SlU3ozSe47pNu9ra3MmTPE5ZmluH03Q+GcFKz319VVS2xNa7svc/ajqM1o7tU4YVW08Rv1ZTsldR9OiS1ZfSfFG2bLGp06X7KaKntOMpK7pUK1SLee7LswuvVOS9Zpw+08z0hMxh795h9sNjwwAAAAAAAAAAAAIbtm9EJnXMjltr491pWXcj3fS/OPlev6z/AMi+q+zHb4/H+HpYMXgjnu0Dz16CNAAISDSACQBIkkSBJIlEoamJ2Vh6vfo0235VlGXtWZZW9o7StpnyU9m0qfGdCcNN3hOrB8rqcfY1f3mrH1t6RriVk9VeZ3blt9AdixwW0ZKdenJ1MNOMFZwlvOUJWtmtIt68D1ui6quS2p4lj67L48cREeb6aeo8oAAAAAAAAAAAACi27j73oweXltcfw/U8L0n1m/8Ahp9f4/n7e9t6fF/3n6KSx4jWWGgsQlFhoLEaAANAQAEkiRAkkSiYEkoeeMxMaNOVSXDRedLgiysbRM6cTUxE5TdRye/vb28smnqmuVjXWPD2Uzy+mdEekSxcOrqNLEU12lp1kf5iXxXD1nudJ1MZY1PtR+bY8mPwzuOzojYqAAAAAAAAAACu2vj+rjux78ll+Feced1/Wfo18Nfan+3x/hfgxeOdz2c3Y+aeiWGhFgFiBFiAsAsBFiEpI0IAkABKJEnSGUUTEbHJ7f2h1tTdi/u6d0vS+MjZhxzaYiO8qb2aVCnGStz0Z7c9BTwajv72SM0735JoVqlCpGcG4zg96Ml+80zy/XxX90w0cWh9V6N7chjKW8rKpGyq0/NfNfhfA9vp88Zq78/NjvSaytjQ4AAAAAAAAAHL7RpTjUk6iecnaazi1w8MuB8x1mHLXJNskd57+XwelhvWaxFWrucVmvQY/CtRY50ksBFgFiNCLALEaEWICxIHKUAShAkkAKzpBj+rp9XF9uos/wAMP7l+Om3FpcbWqZ2XrPoOhweGP1J7z2+TBmvv1Ye+FnY9FSsJRU1Z68HyM3U9PGWPisx5PDPwYbOx1XCVlUhlKOTT7s4vWL9D+jPHpa+G+/OGmYi8PrGx9qU8VSjVpvJ5Si+9CXGLPcxZa5a+KrHas1nUt4tcgAAAAAAAESSas1k+DExsVuJ2NCWcG4S9Hd9h52b0bivzX1Z+H8NFOotXvypq9OUJOM1e3lRPJz9Hlxc2jce+GqmatuzBQvo7/EyeHfZbtjY50lFgFiBFgFiNCLECLEBYJLBAEsMRXjThKpLSK9r4I7rG5RMuKxeIlUnKctZP2cker0fTfqW15R3ZcuTUbaM6WZ9AwvSlkBbbIwtSvPcpRcmoubimk91WTefigNrHbPl3ZxlCa7u+nF+GfAy9T00ZY3HdbjyeH5M+h+LrUcbTpwvarJQqU3o45ty8Yq7v48zzultemWK+/iYX5Iia7fVD22MAAAAAAAAAAOf21UUJVZu9oxc2lq0o3dvYRLqsbmIUuC2jQrtKLcKjSl1c1uTs+KT1XpRjz9DiyTzGrfZoi2THG+8fePu3XvLvLeXNanlZugy4+deKPh3XUz1t8CMVLuv1PJmDw77L9sZRtqczGhFglFiBFiBDRAixAWAJDQ5jpDj+sn1cX2Kbz/FLizZhxzOtfRVeyoPpcGGMVPD93n3t4p29IxLnDGVIDq/s2p/xNaXm0bf+Uo/+oH0KpTjJWlFNPhJJr2MDUw2yMPTqOtClFVHHd3lfJcktF6jj9Ovi8euU+Kdabx2gAAAAAAAAAAKLb1O7nHzqTXtUkRLqs6mJcFOpTrYbAXcZWqYanUjfOLcN1xds07/A228OStJ78/smsXw5MsduJmPuvtkuUK9Sg5zlTVKnUh1j3pRvKUXHe1ayWpmzY/07+GERf9THF9ancxx9G/ialFSjCc4xnPuptRlLw5mLP0uLN7Uc+/zWY75Kxuvb+zPtx5Sj70eXm9H5aex60f3/AD800Uz1nvwiO5LR2fKX1+p501jeu0+6WjaJ0mtUczWY7pidsLHCUWGhFiBFiBW7cx/VU92L+8qXS/DHjItx03Lm06cie/0ODX/JP0Yc1/8ArDKET0md7RQGVgOx+zelZ4mXooxX9bfyA7cAAAAAAAAAAAAIAq9rLtx9Mbe/+4HzWrgKf+EoVYpRqwq06bqRyeVXc3nwbTSefI0Tir+nS0cTxz/ZfXPf9a9LcxqeJ+W/outkxrRxu7WlCTeGluzgt3ejGpHOS4PtcDjP4/HHj9ziJxzi3j3HPafLhSfaPlisA87S62DXBrJ2Z5/UzMREw9f0RWLeKsx+aZ4DauIo2UJ78P5dW79Slqvgc0zzHdfn9GUvzTiXS7K2nSxW9FwlGrBJyi9bPK8ZLVXLL4sWePWjf+fu8fLiy9POpWCpzj3Xdea7f/Pgedl9G3rzince6fzX+HVeoifahClCWTW7L98Dzr49Tq8aloi2+Y5J4dpXWa5rMrnHMOotDxaK9OnliKsYRc5PsxV39CNDicdinVqSnLjouS4I9PpOn8dvD92XLk1G3gkfQRERGoYWcpxim5NJLVvJEpiJniHlgsfCrKUYXe6k72aTTvmuehETt3fHNI5bhKt3n2eU7UK0udW3sjH6gdWAAAAAAAAAAAIbAxcgK3a0leHPtfIDldqdHo1Iz6mbpym1OUV2qM5p7yk48HdLONvWIm0RqJXUyxv1435b8/d+bYYLr3jKTq0ZRcKFeMpxe/SlvSptOMv0vJpMsy5f1Jida7ua4648cxFt7mPn594Un2nL7zZ8v+tUX9KMPVey9b0PPr2ayiZHt7W/RR/xc/Th37px+pr6btLw/S3eq+29jalGnTdJQc6lanS7d93tX5eCNURMzER5vKpFZ3Nu0Rvhrw2zC6p4qm6Uno5dqlJ84zWnrscZcUT6uSv3dVrM+tjnfy7/AFhZQpyXapyunpd3TXof1PNy+jfPFOvhP8//AFZXqPK0JdVPKcbPnpf5M83LitSdZK6/Ps0VtE+zLkelONvU6mPdg7y9Mv7FePH63+E2soj6TpsP6VNefm8/JfxS8cdWdOCcUnKUowjfJXk7XZfz2gpWJnntHKuqYduvRVWW/vdZJxatBbqVrR9fEvjBFb1iee6YzbxXmsa7fPn4rDAWdeu1wjRj7pP5nOf+pP0cx/Sr9VkVOX0ToJC2DT86pUl7LR/4gdEAAAAAAAAAgCGwMWwMGwPmO16lWGNrzjUkp9bNZ5pxvlFrlax5tr2rkmYl5N72pltMT5rHZvSOLahWW5J5KXkS8Hw9Zpx9RE8Tw2Yuqrbi3Er+E09DS1OM+1GP3eDl5uJ+MTN1XsPW9ET/AMs/RoxZje+teiz/AI3/ALap7p0zX03m8X0tHFVv0tqKNKjN6QxVCTt5qbbfsNdbRW0TPveVipN4tWO8xKv2zXp1lhXCUZReJpJ8VZtXTXyZsyzW001zG/2U4K3xxk3xOv3e9Wh/halCVCUowq4inSnRvek1K92k+68uBRnw1pqa+91hyzli0X7xG9+feHTbqeTWXJlExExqUROnz3aHaqyb1Tav6FoUU6XFS3irDuctpjUtbqzQrV23JqEaTd7KtB5ZvJNiJiLRM+9birNotEe5WyVStXgmpUl1c2tN9xbSf5XoaZ8WTJHlxPz/ANEeDFinXrcx8t8/dY7FoqEq6joqkUr5vuRbu/FsovWK3mIL3m1azPu/eVocqn0vokt3BUFzU5e2cn8wLlMDIAAAAAAACGBhIDBsDyqSsBwHSTBy6+pVim4zabXFOyTfuMWfDbfiq8/qentNpvXlSOzVnpyMm2HbYwWOrUP8uW9D+VN5fpfAux5rVaMXUWpx5NTp3teGIwlG11UhiaTlTllJJ3V/Auy5a3pw+j9DdRS2b897zpVE7NPWxlfULjoxL+Nj/p6y/qpmvpu8vH9LezVfdKP8qj/rML/vNuP26/N41fZt8pU3SDZ1OE6E6SUJ1K9OG9HJJtpqVtMmi/NiitqzTiZn84Om6i1qXjJzER+cs69TEdbhqdeEcsVRlGtDuytdWa4PO/qeRxntfUVvHn3jsnFTFq1sc+Xae8cw7JFKt86xPfl+Z/EIeYFdtV9vDp/zW/ZCR1j/AKlfzydx/Tv8v3ho786ldyopSSp7nWSuoJ3u8/K4aFuTN6+688aTXFEYvDk453rz7f2WuCwvVRacnKUpOc5NJXk7aLgskUTMzO5c2tvtGohnVqpas5taIjcq7Wisbl3vRDbdOrCOGtarRpRbV73irLefJ3ehzTJFp04x5YvMw6iMixazTAyuBIAAAAAGBhJAeUgNeqBUYyhcDndobKjK7WUua0fiinLgrfnzZ83TUyc9p96krUpQdpL18GefkxWx93mZcN8c+s8K9GFRbs1dc9GvBnHeNS4izRqYSpTzi96K4rVL0r9+o55h7/Q+mcuLVb+tHx7/AEn8+i46IYrexlO+vVVV/tfyNvSW3t6nW9Vi6nFFsc+fPwdzjMJTrQdOpG8XZ6tNNZqSa0aZueZW01ncOf2nsjEw6pwk61KjVp1VGVuvSi03G+k8r+m53+rbdfFzqfqtrGKYtEerMxr4f6ZYnaFOtLCqEu0sXS3oS7M4u0tYvNFvUZK3rE1nz/aVOHDfHN/FHl+8OrM4+dV+9LxfxCHmB4YvBwq7u+rqLuldpesiY27pe1ez0yikkkksklkkHEy08RjNUuGrbtGPi/kU3zRHEM+TqIrxCtq4lt9lu/nvJ/pXk+OpmmZtO5Y5m1p3Lrvssp/fYiXKnTV/zSb/AOJfgju09NGpl9NizS1vRMDNMDJASAAAAAGLA85IDwqxA06tMDQxGHuBVYvCJppq65MiYieJRMRMalRYrZrjnDNea9fUY8vS+dPswZuj88f2aUZNMx8xOpYdTWdSKkt5VINwqx0nHjzuuJNZ1O44lbTNasaiV7s7pG42hiVbgqsbuD8eX70NuPqfKzbj6qJ4u6ajXjJJxaaeaazTNUTtrid9mFXA0p1IVZU4upB3jO3aXr4+saju7i9or4d8NpvJ+DJcvnlXvPxYHm2Br4jFRis3/c4teKxy4vkrSNyrcTi28ndfhWUn+Z+T4amW+WbcMWTNa/EdmnOTdr6LSKyivBfM4iFcQsNl7IqV2mlaHGb+S4ltMc2X0xTb5PpXRjZ8cNBwgu9Zyb1k+bNVaxWNQ11rFY1Do4Ml09UB6RAyQGQAAAAAQwMJAecogeM4Aa1WkBpVqAFdiMKBU4zZ6lqrPmtSvJireOVWTDXJHrKfEYadPXNectP7Hn5cFqc94eZm6a+PnvDGE8vQ+DzTKolTEvbCValF71CduLpSu4Pw5MtpktXsvx5rU7Oi2X0ihUahUThU82Wj8HxNuPPW3HaW/H1Fb8TxK86xOLfofwL2h88rTs34siZRMq3EY7VRtlrJ9xfV+hGa+fyqy5Op8qq2pVbd7u/nPX1eb8fAo1MzuWXm07lFOLbUYptvRLNtnURviHcRviHSbI6OXtKtnyp8P1Pj4GmmLXMtWPBrmzscHg0rZZLRIuaF1hadkBuwQHrEDNAZoCUBIAAAAgCGgMGgMHEDznADXqUgNWpQA1K2EuBX4jA+gClxmyrZwyfm8H9DLl6aLc14ljzdJW3NOJ/srmnF2aafJmK1bUnUvOvS1J1aGbUZK0kmvevB8BtMS2aG0a9BPdfWU7Nbs3acV48V+8i6me1PjDRj6m9PjDmsVi97V3v5EXl+qXyXuJtktk+RbLbJ8mlOTevDRLJLwREQiIbeztm1K77KtHjN6L6stpjmy7Him7s9kbFhSXZV5PWb1f0NVaRXs2UpFY4X2Hwtjp2sKVEDcpRA2IoDNIDNIDJASgJAAAAACAIaAxaAwaAwlEDylTA85UgPKdEDTr4NPgBVY7ZKktL/ABXgc2rFo1Lm9K3jVoc9idnzpvi4+9eJhydNNea8w83L0lq815j+7wcrxl+WXwKIZocu43dks28ktS6scNFI4iIdDsfo1KVp1tNVTWv6n8jTTD52bMeDzs7HCbPUUkkklolkkaGlZUcNYDcp0gPeEAPWMQPVIDNAZoCQJAAAAAAAAgCLAQ0Bg0Bi0Bi4gYSiB5SpgeU6IGrXwKlqgKjGdGlO7jLdbunldMqvhrflRk6el535vPZfROnQ7Xen5z19XI6pjivZ3jx1pHC6pYJLgdrGzCgB7RpgesYAZqIGaQGSQGSQGSAkCQAAAAAAAAACAIaAwaAhoDFxAxcQMXACNwCNwBuANwCVADJRAySAySAlIDJIDJICQJAAAAAAAAAAAACAIsBDQEWAxsBFgIsAsAsAsBNgFgMkgJSAmwEgSBIAAAAAAAAAAAAAAEAQAYEAQBAEAAAEgSBKAkCUAAASAAAAP//Z ', 300),
(114, 'Teddy bear', 'available', 'A teddy bear is a plush toy', ' data:image/jpeg;base64,/9j/4AAQSkZJRgABAQAAAQABAAD/2wCEAAkGBxMSEhUUExIVFRUXGBsXEhcVFRgYGBUYGBgXFhcXGBodHSgiGB8lGxcYITEhJSkrLi4uFx8zODMsNygtLisBCgoKDg0OGxAQGi0iICUtLy0rMy0tLS0vLy0vLS0tLS8tLS0tLS0tLS0tLS0tLS0tLS0tLS0tLS0tLS0tLy0tLf/AABEIALwBDAMBIgACEQEDEQH/xAAbAAEAAgMBAQAAAAAAAAAAAAAABAUCAwYBB//EADUQAAEDAgMGBAUDBAMAAAAAAAEAAhEDIQQxQQUSUWFx8IGRobEGIjLB0RPh8RRCUoIHI2L/xAAaAQEAAwEBAQAAAAAAAAAAAAAAAwQFAgEG/8QAJhEAAgEEAgICAgMBAAAAAAAAAAECAwQRIRIxE0EiUQVCFGGBMv/aAAwDAQACEQMRAD8A+1IiIAiIgCIiAIiIAiIgCIiAIiIAi8JWIqBeZBmi8lJXoPUXkr1AEREAREQBERAEREAREQBERAEREAREQBERAEREAREQBERAa6tUNzVTjdqhuqjbbx26YXPVqhJkibrJur2Sk4QNO1slJcpHRM+IOKscPtMPbIE89Fwmz6LsQ+ZApNPzGbuIE7oFwM72ldXSqiABEDQZZKCld1o9skr21Jaitk2tiSo4rFRqtTz6rXTq8574qOpcTk9s4jQSWiWcQeKzbVJ1UMuRtRRc2d+NYLJlaMypNPFKqZXtmvaWJGasUrmUHpkE6GfRdurgCSYWH9bT/wAgqHaFU7u/eMiOHNQg+cj4Kaf5KaekhCyUlls7Fjwbgyslzmz65YRJsuiBlX7a4VaP9lWtR8bweoiKyQhERAEREAREQBERAEREAREQBERAEREAREQHGfFDS2rfI3C5jG1XOIZT+pxtyPGPVfSdt7LFdkTDh9JXJbO2U6i95qAb2TOmZPjbyWHdUHCo5embdrcxdPHtE3D0W0aYY02AvJzOp4kkmStYrX4T0AjIAQVurGNSOkX5KG48PGdPTPqqkuySCz2SHVhx6dVmyqFW7+hFx0817/URobePouMkvjLE1YWIqyq9tcu1yz9Vup1NFy2PHgnNcP4WYi0yoTqykUXE2Nj06rpEUo42WVNoiMwdFUVGOpOIIkTY8tJ4Kw/WjsfZZ40BzJ4e3d1I1lEMJcXvpkWm6QIXTYQ/I3oFzGzsI55gC2piAurptgAcBC0fx0Jbl6K160sRRkiItUzwiIgCIiAIiIAiIgCIiAIiIAiIgCIiAIiIAqHbB/7bcAr5UfxJSIAqCbWP2VW8i3S16LFq0qmyoxL+fT7jj/KgBwJzvwAvqvaj5m9unH+FlgGl790Z5uJAMDKBB528c1hYyzaj8UUfxbWrsoF2HaXVJAMNkhs3cGxe8DxUr4coYmpSDqtJzXEy2TB3Tdu8d0Q65tAPqF2LKLWCwE6nU+K9NdTcVw4tf6QeWXPlEpW7OqC+6ecEfkLTiqNRsn9NxgEgCLkAkAXzNgr41ZWJeo3TidqtM4D4R+IKmJqOFRm7AGTTDXSd4TpaIBvY8YXZ6W499F7iMKHXBLXcRr1Gqjglp3Xj5uWT44ag8kqYbzFYQj/zt5ZJ3Tz8+MeSkU9DxsefUKNRibd8ipuDZL2jT7LynFyaRHUeEXtBga0AAARkFsRF9KlgxXsIiL0BERAEREAREQBERAEREAREQBERAEREAREQBa69IPaWnI5rYo2JxjWA3k8FxOUYr5dHUU2/icftrZzqRIzacjHd15sR43qkZ2HhB+8rLbe0qlQRNgco9+KpcHtH9KpDxAd8riMhqCeGfqsGTh5Mw6N6EZunifZ1j6llXbX2kzD0nVahhjBJ4nQAcSSQB1Wz9Vc98c4B2Jwr6bPqMOaJzLSHAHrEeK6jhySl0RtNReOzh9rf8j4yof8Aqc2gzQNa1zv9nOBk9AFbfBv/ACDUqVWUMWWnf+VlUDdO8bNa8AQZNgRFyLar5pWa5ji17S1wzBEEK++BdkuxOLpOAP6dJ4qVHXgbhDmtniXACOEnRatSjS8b1ozKdWr5Esn3YVFjiSCwT/kI9/yo36k5LVisYLNFy03A0ManT9ysTOjY4bJeHJBjPKLGfNdFs3A7oDnfVw4LnNlYx1J0uDTMdR0K6nDY5j8ir1jGlnLe/oo3vkWktfZKREWuZgREQBERAEREAREQBERAEREAREQBERAEREARFoxVfdHM+i5nNQWWexTbwjVjMXu2C57F1t6y342uAFSYqtEme+SwrmvKo9mva0EkeVaoBiZJy77yVXtPBg6T6/jPM9VaYFkAuMy4kg8AMvyvK7bZ+P381V6NCL2c9gtoVKIIMuptzBEGn0JMEcjlfIRvW+F2zRqgbrxJ/tcYdaQRum+ai4fBb1UugkAZERJJhlz9Nz9Wk8zNdjvg2lUfJG8CRAIInMkxwgOA0DmwMwFp06MatNS6KFarKnUa7LLaez6NYtD6bHxLjvNDrCwFxa5n/VZuxVHDsguZTYMmiBlezRn4KgxHwdSJ3mj+xwABgf2lpjSWy4D/ANHJev2PSw7f1mMDnNIFQAnec1jG7zuTg6SDnI0MEe/xPTlo5/lY/UvqO0H1ZFIOYNHubcxm1rTMGN75nAxGWSssM0BouDa5Asfz11WjBFrm/KflIBlsSRm08Oh+kxFoEzXUSbgSefO6hu4KFNRivZ3b1HObcmYb91Mw9fcMgqnbUOcWk24EZgjS6kUqsrNy4svTp8kdrs/HB4vYqauOw2IiLrpMFjN6BqtyzvOfwn2YlzbcHldE1ERaJSCIiAIiIAiIgCIiAIiIAiIgCIiAIiIAqPH1iSY8Fa4yrutPOy5jE1PmiCJ14/us6+qdQLtpTy+RGxT859PUKp2oYpu6e6sqzJz0uJ5KBjBvFo1Lh7yfZZHs2YaRPptAgQQAAAOEDX0Wmu4eKmOtpzM8FDfTBm32SR5B7K6nj2sed4Ag3HUSADnAIcRMTcGbK1EOFjvA/KDN3EgPe4ESd7dG8Ik71N30yqfGYWRpHLvxUPB4p9AwPovz3Zg7w6Ovu3F3WurtrdKK4S6Ibm05/OHZdYwhm8SLCSYGe4Qd0RkC477YyLtJJFVsAl9FzX3cXuBBiC51U1HWzIio0eHAKxrYhlRo3SI+Ubs5NaCW8PpMt0sG2glVtBgZVc11mvESYsRM55S0uvOcK3KulUUV0ypGg3Scn2idsvCGlI3paMuRNz01cBIMRe4Atqb4twsB5yNBaDz9zFqVSAHPF9Rf6jAeL3hoLWi7hbJZYIk/M7wHl3GXCFxeTgqbjLv0eW8JOWUbMbhwSKjcwIcOI5hRQ0CSMircO49hUAqFlR1NzsteINx6GPBY7WTVpNvRZ4c2kq0weJh0qrw9QQRHTnwUig+8d6ryLcXlEVWPLOTr6FUOEhbVQ4DFFp5K8Y6RK+jtbhVYf2YVal45GSIiskIREQBERAEREAREQBERAEREAWt9dotK8xVXdYXcBZUDMWSJiB7qpc3Piwl2WKNDybLHHP34gwBxUB9C0SPFa/1hn7yfRYf1B0WTUrc3ll6nTcVhETE4VzZJGZzGXK6raN6wsTuguteDkPcroW1tfOyxbhacEtAbvXPA8uSjSTLCqtLDRAqA8OgtI8u7rRu562jj3orV2CLs7KPU2W8ZbpGoyMT0uvHF/R1GrH2yre2eEqG/BzorF7S0w4QedvLj4Lxlx6qPDLSnrRGw+H3cu+Hso2NpzBGYuPDIq23c5Uc0t7u2ZXm0eqSb2R6LCSC7QWEam7jwkuk5aqya8KOacCJW7C0t43yCSlKcsvZxxjGOtIl0RJkKFtbY73PFRgB+Xde3UxJaW8Tc26K5w4EDdFu/NSmUzrZTQp6KbrOMso5bBvkQLEeCmNBzVlitly8PZEkw8ZB069fdSKOCDRcz7Lzws7lcxeyvoPuui2dVkQc1Ea4NygcIss24iCrFvLwzzkpV35F0WiLVQrbwW1bkZKSyjOaw8BERdHgREQBERAEREAREQBERAVu2cRDQ3jfyVG6rOff5Vj8UCA1/gff8qip1SdPLvuVh3zflaZrWkV400bnnmvWtWBqRpHenksXVfPuVRZdSJDXc7rZSr9+agmpI43WwVYj00RM5cC6oVQpYiFSYarNh4Kyo1JCs05lKpTwzzEsBEFocNREqjx+B3PmZO7qOH7eyvXVFpqt9UkkySlNwejnqZF++/wBl4KwGY1+601n7j3M/x+k6EG418PAqHiqsj6oMTfKNe+qruLNGOHsmGrvEAazlJ76K8w9IACVTbFYG3OZ9Lq7pOkqSEUiCtPOkTqbbLPeAWsGAo+Iq6HXzUreClxcjdUxN4laXVvFVz69+GnAe10dX/CglUeSxGgSnYsjJZNxPOPYqE10rOdfdccmdumjotlPmVZLn9kV4cAdbdF0C3bCfKlj6Me6hxmERFdK4REQBERAEREAREQBERARtoYUVaZYdcuoyXDuY5ji1wIIzHivoKoPinBy0VRYts6NRzVG9oc4812i5aVuEuL6ZzYqR42+8+3ZWQPfYUaoY4E+HCbTfQrcxx6R6iOysfia+TNwi9+vfj6dF6KgPE8Y+/eiOIOv7cVjH5v33ZcuJ6pkvB1L87Ax3wt4K4af2XPYYne59246e6vmPsF3TIK6Nj81pe79ljXrgZqVsnDOcQ5whugOZ5qzSpOpLCK8pKnHLOT2vgMQ+qS2i+IiYseirKmCrNjepPgRpw4r62sXMBzCvOwh9shX5Ca9I+X4DGAcj5LocDV3phXO0fh2jVvu7p4iyqBsqph96TvM0OviFVqWkqe+0Txuo1NdMmBwIN41VNj8UJgZi8T/KmYqrutnPUdYsqF+IDpJzzuZzuBnbNU59lqjDeWSzVEk8eZHnOeqycZuDp3kq9tUTa4PCxGl54KfRNgfHL2uouLLDaibGFSqIJOqjE8Lx4krdROpFuwnEjlLJZ7Mb84XSKm2Nh/7jlorlbf4+DjTy/Zi3ck5hERXiqEREAREQBERAEREAREQBYvYHAgiQcwskQHHbb2M6mS5gJZyN2/sqhtXu3f8AK+jkLkNufDzg/eo2BzbpPJZtxZ/tA0aF1+syna8m/ff4UnDiCTb0HqtL9mYqclKwWwarj81lUVrU+i07injs2Mc1sm0TI5clsbWc8w0FW9L4dpwAZKssNgGMyCtU7F5+RVqXkfRV7P2QfqfdXrWxZeotCEIwWEUZzc3lhERdnAWnFUA9padVuReNZWGep42cXjWkNLXWIkEHW0KgqU7CTBOR4WF87+XDJfRdp7OFUcHaFcdiNj1WvLf0nEalv2WPcWsoSyto17e6jKOHplRBtItIyk8svFWNJ3Pzbl1PFbn7Iq6U3zxAFlIo7NxEXa/3UHjn9MkdSP2jQ18cuN9fFScLQ33QBc5nkg2dWmP03DwP8Lpdl7NFITMuOfLopaNrKctrCIatxGEdPZLw1LcaBwW1EW0kksIym8vLCIi9PAiIgCIiAIiIAiIgCIiAIiIAiIgCIiAIiIAiIgCIiAIiIAiIgCIiAIiIAiIgCIiAIiIAiIgP/9k= ', 450),
(115, 'car', 'available', 'important car', ' https://www.google.com/imgres?q=toys%20picture&imgurl=https%3A%2F%2Fcdn.pixelbin.io%2Fv2%2Fblack-bread-289bfa%2FHrdP6X%2Foriginal%2Fhamleys-product%2F492908386%2F665%2F492908386-1_5359.webp&imgrefurl=https%3A%2F%2Fwww.hamleys.in%2Fproduct%2Fjcb-my-first-big-wheeler-joe-construction-toys-for-kids-12m-multicolour-492908386&docid=PPKrGfb7kyfzNM&tbnid=9_4iFk4T1dRPLM&vet=12ahUKEwjB6e6VyOiJAxUPSmwGHWkUMtIQM3oECGIQAA..i&w=1200&h=1120&hcb=2&ved=2ahUKEwjB6e6VyOiJAxUPSmwGHWkUMtIQM3oECGIQAA ', 500);

-- --------------------------------------------------------

--
-- Table structure for table `users`
--

CREATE TABLE `users` (
  `id` int(11) NOT NULL,
  `username` varchar(50) NOT NULL,
  `email` varchar(255) NOT NULL,
  `user_image` mediumtext DEFAULT NULL,
  `password` varchar(255) NOT NULL,
  `role` enum('user','admin') DEFAULT 'user'
) ENGINE=InnoDB DEFAULT CHARSET=utf8mb4 COLLATE=utf8mb4_general_ci;

--
-- Dumping data for table `users`
--

INSERT INTO `users` (`id`, `username`, `email`, `user_image`, `password`, `role`) VALUES
(50, 'Kowsar Ahmed2', 'kowsar@gmail.com', NULL, '$2y$10$/8ojku5HZuKliRGPwpVvVeJ6Pc0kYW9h20MIm2gKHCJg98lwqqDPW', 'admin'),
(52, 'Kowsar Ahmed', 'kowsar2@gmail.com', 'data:image/jpeg;base64,/9j/4AAQSkZJRgABAQAAAQABAAD/2wCEAAkGBwgHBgkIBwgKCgkLDRYPDQwMDRsUFRAWIB0iIiAdHx8kKDQsJCYxJx8fLT0tMTU3Ojo6Iys/RD84QzQ5OjcBCgoKDQwNGg8PGjclHyU3Nzc3Nzc3Nzc3Nzc3Nzc3Nzc3Nzc3Nzc3Nzc3Nzc3Nzc3Nzc3Nzc3Nzc3Nzc3Nzc3N//AABEIAJQAlAMBIgACEQEDEQH/xAAbAAACAwEBAQAAAAAAAAAAAAAEBQADBgIBB//EADcQAAIBAwMCBAQFAgUFAAAAAAECAwAEERIhMQVBEyJRYQYycYEUI5GhsULRFSRScsEWM0Pw8f/EABgBAAMBAQAAAAAAAAAAAAAAAAECAwAE/8QAIREBAQEBAAIBBQEBAAAAAAAAAAERAhIhMQMiQVFhMhP/2gAMAwEAAhEDEQA/AMkintmiYpCNsUDBMQaYxeHKAOGpiRdGwfggEVcpK7MOaHEEkXm0kr6ir4rhBlXFA0RoV+Yj9K4aE/NjK+1GRtG+2dqswY9goKmsGFWmibUBQc0VJapMuqLyt3FZzr/VJunD8PB5Z3HzEZ0j+9NAsw9mdQvIH1pfKNR9axEtzPI5eWV3YnJLNzTTpnUJYNslo+SpOf0ol0/8P2qyLyvmrQoYKV4IzXJXFCtF7HbI3zVDxhhmi7XQ0ZU81XKAGOBWMWSwd6HeMMpB2NMHZaokjDCsWwucPGea88dSMMMVdKhQ4wTQrrqztimlJYsyh3BGKlBlSDxUo6XxOfAEBBY5Bq8KVxtRHhiSMHAYD712sYYDK5qer5giynbRoIoiWxSRdcY3oeCPScqCPaj4g4IKHA9KBoWFTA9M7e6TRh1OMc17c2vj4dAFfuvrQyRSKdL0WHrHFKQy89sV87+JnF31ub8M4kSMBQwOeK1HXpZ7SxDW8rxs8gXK84wf0rP9d6nLd9ItbWXXJNaOcXBbJ0kbJnnA+uOKG5R8d52kyRRqhkaNpVUeY6tIH/NdR3Nu2MRNGvZlfUKqjZoGjuoJDFKjZUq26H1rcWM/Tfi6xMd9DHD1WJA0dwFy0wQAsCQBny52IOMjc01uE45nT3pBWTptuwYMPDAypyNtqukXJptP02OKKO7gCrHdRrIpU4B24I9RxS5o2DbjvvQl1rM9OI00jaupUV0wTiiUi1J5eRQzqDqQ/vRYul8RGAAyPWq3fHzbGm0kOY9IGduaXzw+XzAZ96xaEchhkUHNGWB0nBo0LpJBGx4rl4t9u9EthcFI2bc1KKaLDEYqUQH290RkAbcijoJodSktpzzntSqSIxlXTOkn9KrV8SnNRldVkjUKqk5Qgr9aJRDjjHvWS/EHnUf1phZ9VmjIUSZGOGoh6PWJQZBP1qSSFgNWD71VBfWtwgE+Iye4O1VXtxa2ekSXMYDnCANkn7DeiFL/AIqubVbGK3kbEryB1HsMg1lLoDwlZpC0OQNKjA+9C9TvWvr6ack6Wby57AbD9hXCZ/DsrFlBwV9z3rYE+p6yin6crxfiLGUuuoFUxnT6537dtjmnPwFA/wD1JZN3inBYnk5/n6elZyxmms5hcRL8pwwPyn2NaSDrFpbwi+tki8VTq8OTsw4/fBpbvwpx437mpuupQdNEl1NATZ235CxpgqQW3K7/ANJ27EUaIIJkR4CGjZQyEdwa+f216bs3ME7eKLgeJKurTrbPzA9n9+PXatF8PSPa9F0NKGigmKRykhfI24DAnkMHyB6jtvRkwl6nRpJA8ZyoPNDzwgnP60Jf30lsvkkOpuBnNKJOpXsrfmTFcegp8JbD0OYs5BI+lB3TxzbBlz9az13f3Uvk8Z8A+teKzgJvvjfFEnkbEeGrGQ6VA5NLHv2dtMIyB39aZRTC7ttE4DquwFcJYx6WaCRQ6HeNjg4oDhM4u3YsEk396lMpI4y5JZgf91eVmXRT+MFA2QbEEfvQdxcpHL5Dn7UfCvlKnOO4NDT2Glj4SqqtvuM1Pn5X73AT3UZLag2e2Dirba5RgwkTbHauD0187Fcn+rO1F2vSF8QeM5K5300/pCbqS3dpa2WfDLTA+UNwT7/Tms48jPI7sfM+cnjOf+Kc/EwgheC1tl2VS7H67f8AFJO9FrqD5hz9uaInKeIsS5YJlS5/q3/b0+1eW4WJJJ5FDkDCIw2LHjNWNLDNMzpCsQbfQMYB9sAbVmjfW910ub4VkSOC2iUREvDpARmAyd/9We/O/wBxhupdOt0ijubG4VoZWx4UhxLEccH1HoR9xV0MRCmKWUrE2G5wHxnn6b1wwiAK6VJO2z5pJcWvOwqileGQPG2GU7Gn3+JCXps9siBZbp1lY6uSowRjGxwfqaRSxsmCykA50n1r2NmKHB3Q6h/Bqnyi0nSZGu5DBdHzovl33wO1dXy6G0Z25pRY3wtrqKZvMEchvXSR/wDaeyKl3+dG+uNuDisASa0XBdHXC4z65qhwyxu2SGOFG1H+H4aEHcVVbqJZdxkDbfisGGPRLZZvEQ7eEgc+h9aD6jmC6SWI7jBBNG9Pjnj6iUVioaM525A7VT1WLbH9WN6VT8PTd9ImVXnW6jm0jWEQYJ7kVKTkn0qUQ006BIs4cyknT2xsKYygyjyDYenpSwTQW6DDgg8AGjVMU0AV5RobnBwajnvXRL9uALqSCIlWl+gXtV/SLaZIXmEhZcbKwOTV9r0/p6Sfl6HYHGSc01uAkUXKhcfpTXok4vy+ayyvNK0spJkc5Yn1rkc056t0iYPLd2eJ7csWIj+ZPXIpUkcjI7pE7Kg3bScKPUmqSo2Oppj4SwYGx1kjucbVQCQcjmpzzUrAMt5XmURF1QqcqzHGOaIQzXHkICyYxn6dhSoDNOLIqkIMpxpGot7dqXpbi7XXxJeWs0Nha2MDQRxRa5Y25WRuRk/r96RccVfdztdXDysN27eg7VLS3a7u4bdHRGlcIGf5QTsM+1NPhPq7XMT/AJnm4K4NazoiMOkRMV+ZmIz3GaFh+Epre5K9TmjAikKOkRJyQcYyQNq0TRJFEAAugAKmNq1rSFdwCF2Xmq7FdMxHJ3waJlXWSjKRjc712+i33KjfYnNBs9jPF/MikOzBcY9aCvgSXOlm1HOajXS+F5mAA49q7g6rZpGyTueOdOaw+qROpDnO32qV1fX9s1yxjDhf9tSiTQ3hrMctlT61Z+EPhgCcNg5wO1VLIiAE1fE8IIbGCTnapWryR0yTIqyRREjOzCjbPqEkY88TSH0beuTOGjKxPp771daO6QSO7Z0rkVtHx8TO36okrK/4MauMA4rr4in/ABPQbtUh0BYsnf0OazX4y6SVXD5znSFNO7SVr21e3lkXzqVcMecjFHM9k892MJj2qVdERClwjDLFNH31DP8AFU81RJbbR+LOqDv6UXfSZgUAAK5IOOxAGKs6JBktcNhVUY1Ht6mqL0DwQykFWcsuOwxS/lSTOdAftTXpwML2cgQCRZkcMe4yM/sf2pfAEJKSHSG4b/Sac9GsbjqMUtpbEG8sw88cR/8AKAAWUepwCaapxvvitrBJ5IruZLd5UVsspONt+PcGlHT7e3kjY21/JchOwgY4o74haHrXSukdRjTyzwMGI5Uqdx9s4pFbveWDOLWaSKE4LFHIzipWf10zrMt50T1APA6vMjr4gwNSkUjn6iFnCroYgEeYZFX9Z6wb1Y4nkk1J/WZCf5rPXKiKcFW1Z31U8iXXU3YLnvCTk+vFXP1BGtFiEKiTO7rtkehpM0hJ3r1ZCPejhdlaXp9h027tllu7+GGUndC+D/FSs8XU7kmpQ2mzlYzgjjjirIXGd+e1VPEQM7kURDbPpDoGY8gY5o3Am6OgcpEWJweBTaOON7RPEdEyMFmOP2pFM0u3+XO3searW3up2xhsds1Kz+qzv+GywLZyqZEFwhHkKcU26ascsbSxQlNJ8yN/IpHB/iMEXhKpCngk96cWkkkFqZL5tAAyzucAULaaSfpi5WDtKwGMyFvsc1T2rssvhsO5bPtiuUGp1B4JAq7mPOnWU1zAA4IghjaXw/XAyWb2pPJnf0JzitfI62vwx1WUkBrgLBHq21DKlgPfTn7CsiRtS8+/an1JmRT3pn02/a1uIbtDpuIuD2YYIIP2JH3pa3Ix6YrrAwMZ25pkmvtLqNWk6W7stsspuLZycZSQA4/j96l3ewWsiwyKdP8ASVPNZyW51R2xXOqJCmc8jJI/k1oLroRvEguF6zaFGQFfEJVvpipdczdq3Hd8cjNdQdXupTH8pbahCdhWiuPhtx8t/ZHJ7Oc103RLeGwJRkluScEmTYfSqeUkJ421mGyW4qFGDbYoybp9yuSFGkckMDXH4KRAGfYH3o7AkqjcbV5RXgL3Y/bFeUNHG3i6fbTI2mAAbEHVswquOy8GYTW0aYQjAc/JnjajIZb6WRWeEBWOkMvy4xjiipwqsXmRRIo0kqdiPpUNdM5CLbXNwV0rZHXviRDsc96kadTiyf8AD7N0U4yMYzRts0PhrqPhuN8jcHNcXN9IJHgcsy5DBkA0/c+tbRy/tdBc3pGh+nWhUDJBbj9qzPV7brHVLuT8XDGttHrMUMb4VyB5QO5OcVrEmgaVInnGkryV3+1C3rQQxTSxIMJExLsMYYDOfpWly+oHXOz3XzAqwJB5Gxonp0Ye8jEnyA5YevsPeqySxLMcsdyfevUOHBBwQa6L8OWZKfdbnkl6X4J/7SzLIM7b6WUAfqaQHbY1ZJK8ranYnO+PSqzS8zIP1OvK7Fbf+716FKEatsiibCdbeZzICYpIzHIAMkqcf2FdWHTLm/bCaVQcux2H96a3C5b8CrDoPU7wKYLZkjYZDy+Vcevr+1bPpvQprbpyQtdLIRknCDIo1btIrG1Z5AZYYdMmF21bYO/bFUx38S/mMxSNmOpRt+9R66t9On6fEnsDc9CecYk6i+g/KAgGKAufhZyrf58nwzxpp1cdSgt1jme5dFzgDOdYP8Urm6xeTq7WcUbxBhsG83O5I549KWaazn8gx8O7hRdSBTyDuaHvPhxm+W/DcAeXtTa26ncyWwmdVQyPp85JG+437elEreRXGr8XBJZjUA/mDaPfI7UfLoPHlnIfhuIpvO7nPzBTg17TxJiVzbuZoyTiQEYbft7VKHlR8IGPVrePp0dwrlWaQoYjkbbbg13Y3zXExIizp2cNvkdjWZfxLSZfL/TqUbEfWjvHe0kQxM2SgKEjAJ9PrT3knPd/J6Y5dTCKB3ZRszHAHtivGEpMhPlLbacZGfWqbWVLpAHldZ8DTnlmJ3BqOXDFJoeBscenekU2LXRwiEyxLINjn+1DdcldemTAZYNGBp4wudzVkN4ssOl7dZGxktjcfQUH1y4jfpUmDhyAANGNs8b70ZPcbq/bWXFe5xVdSruJYH+n6VNX0/Sq6lZl0TxBvzkLrjgHG9OLbqlgkSh7ZtanA0LnI+pIpDXq80LNGdWPpXQ7y1uunmY204jkJRi4GAAAOQaS9U6/bW+u3sY5C4UDVkMoOflI9aTdOubl7CW0E7RW6P4jNk4GcjfHbihjKZWS6fBZMKQY/Kf070nh72rf9L4q7i6nlufEuJGd9QGBsR7UxglZroPEQjyeVZC3mTffbvUjSK9/NtEijkiGTsfMfqaMlgeaJWktIfFkwQd9h3zRtheebV0V3LZX34a5RIdflk0oNEq4PzCklzfGNpFtZB5wVYf047YzntXvUIw1wXZHhbVhctkEfehZoEjkyrM2rOVI4HrWkjddX4MbK7gFrGr2juyjBYcHepXFtII4tHiRNpOM5xUoGm4nTx+K8OOXGNJwQNxjNNoLaO4upIpgWAgLAk7ggVKlLVIGVEuBbl1wxUEspIJPrRH4ia4vozPI0mssjaj2A2+9SpQoxfOixW7NEug68HTtmk/UwRbSNqY5KjBOalSjyTv4pHUqVKs5kqVKlZkqDmpUrMP6dKYVuWVVY+Gp8wyPmHanccUb9PWZEETSnLiPYZ+nFSpU+vlbj/K+2jSMxKEUlWPmI3/ai7D87xQ4GzEDA4qVKnV+XUlpbyvpkiU5XBJG9WydOt9EQAYaWABB3x6V7UrQ0kZ2UPHcTxrK+lZCFzg4H6VKlSjqeR//2Q==', '$2y$10$8ZpuAoFob4xnM5LrFVF.a.40wP6ZsrePRR7JgMjfs9f7DxUJhR23.', 'admin'),
(53, 'Kowsar Ahmed3', 'mdmasud.xr10@gmail.com', 'data:image/jpeg;base64,/9j/4AAQSkZJRgABAQAAAQABAAD/2wCEAAkGBwgHBgkIBwgKCgkLDRYPDQwMDRsUFRAWIB0iIiAdHx8kKDQsJCYxJx8fLT0tMTU3Ojo6Iys/RD84QzQ5OjcBCgoKDQwNGg8PGjclHyU3Nzc3Nzc3Nzc3Nzc3Nzc3Nzc3Nzc3Nzc3Nzc3Nzc3Nzc3Nzc3Nzc3Nzc3Nzc3Nzc3N//AABEIAH8AtwMBIgACEQEDEQH/xAAcAAABBQEBAQAAAAAAAAAAAAADAAEEBQYHAgj/xAA2EAACAQMCBQIDBQgDAQAAAAABAgMABBEFEgYhMUFhE1EicYEUMpGhsQcVI0JSwdHwouHxgv/EABgBAAMBAQAAAAAAAAAAAAAAAAABAgME/8QAIBEAAgIDAQACAwAAAAAAAAAAAAECEQMSITETQSNRYf/aAAwDAQACEQMRAD8A47ikF/pND3GvaSAdVpEhFNEC5oaEy7iiM20ZZlUkKPPtRVyO1NVY2uD4xnxT7a9ouXGeneuw6jwzw7YcPtELaCIugSKd+btI3IHd16mlOeppCDkcdIx1ry8e9dp5Vv8Aijgaz0TRWvre9laSMgOsgXDk+2On1zWOgs57lttvBJKcgHYpOCff2q1JMTg0zV3PHrycKrpcVmUujbC3eUvhAu3aSB5HbzWIy+MbPrmrrWOHdT0VIn1G29NJeSlXDDP9Jx3qs204wX0KcrYEPjtXrFF204SqokFtpbaNtpbKdAA20ttG20ttFAA20ttF20xWlQAdtNtoxWvJFKgBYpsUQrXkilQHjFNXsilSoCBTjFODt7ZqREiSDO2s0gOlfs11/Q9L4ZuI7+8t4ZvXdnR/vupAxgdW78hXOjJC13OYV2QtIzRof5VycD8OVRpY2jcdSPNOSvLAIJ8UJUVsTMhWGT16UZS5KsCQUPw7T0+Xmq1mZcc8gHpVlaPlVmAxtIb6g1fqHF9Jl/e6lcMIdTuLg+mVyLqQj0wxwG2tzx5ANbPg/ivS9E0iaxu0k+0280isYQGWUg8sHOPxrEa1m9uVnkn+1XEo3u/PC5Gcc/b26UrKP7MkYG0spzzGRms8X5DbLH4y/wBR1PXOL7hbaK39VYizJFBHjA6At7kD6eKoJIXikaORGV0JDKwwQR4q30XVbzRrmW6sPTXeuxg67hgnI89j3qNO0t/PJdSuJLieY7kAJYk8+nTBz866Ypp0YNX0gBKcJUj0yCQRzBwfBpbPFaUSA2U+2j7KWylQyOUFMUqTsptlFARSnimKVKKV5KUqCiKVrwUPtUopXgrSoCMVryVqQRXhlqQI5U09EK0qQiqXn1qRbgKchgfGaiA17Q+4AzWQEqSXeCdvL29qFGAHONxPY1IgtpGxnp1B969tN6Em1YMN71Vc6MAqK2SWbcOoxUmBnjkCupCnoO1EkgaaMS7CsnTFS7JWkgCzKCw71SiFEXT7tNL1NTdxNNbMpSREO1mQ+x96sIZIrgerDkpuwN3XHnzQtSsFls2kTcZ48FQB94dwTVRYXjWc24Dch+8uf951KrHJ/wBLcm+M0SRZxjPXp71eazotlYafZTWt8J5JxmRQRgcuvLpz96DounRaok7tdxW4ji9QesMbj7YPSgpFj+XljPOt7T8CtfSNGnIxvIUjbm3IkZAOD/vShs1sPSSKYNIRh1HY5PT6AfnVlEGT7rFcjadvtWcuojJxBJBZhyBMGDMBu28ic4+ZqcknFpocYpp2WfpeKb06NfXFvZKrXEmwMcDkTmo8eq2Ehwtwn/1kfrWuyM2etnim2VKVVdQykEHzSMfinwCJ6YpjH4qUUptlIZDaI+1DaI+1WBSvDR1I6RXNH4oTIfarJovFBeLxUhqQCtNUpo6akTRmaQNKnwc4rnETLK5ZJFV2Gz9KtGslnlEm8+Ko4YXlfagyTWosY2RAjsrFAB8PatId9GuhI4+SjngUWOAKcqPpRkj8UdIvFbUXQFIumCRg9qzvEdk8V294RujnYsT7OTz+X/ta5IuvLpT3Fkl3bSQTLlGGD/n50pR2QGe0niSc6vpraoIp7eLZA4ddoMecAt749/YYrW6hHbPeztZvE8DOTGYmypB9jWBbSbq2vDb3ETtGi+o7pjnHnDMM/pV7aa1p9jqkljamcaWSBA85+OM4GcjsCc/L9MMctZUX1xtl2IfFUGtzXWiapbapYuEd0MbZGQfcfUH8q1ojGM9qx3HjqtzawbTvVCx69D0H5VrlpxM/Cm13UxqU8TLHtjjTAB9zgmqvtnvXpq81g3bskm2Op3VlIHSQuP5kY8iK3Ns6XNsk8P3JF3Cuc1vuD1MmixknIR3H0ya2xy6C6SjF4oZi8VZNF4oTReK2sqivKUMrU9ovFCaMUARSBXh4xUho8dqHgr5qWi1IhPFjtSqd8LUqkdGLa3iV2QyDP8p/zQxbHDEsgKdcnGaCOvPn5pAkZ/vzrAwJQhlgdGEi5xnKtRbK6eO9EryfFnn3BqIjIH+NeTHt2o9g0UF9EXf4N3UDoKFwa4Xy6nLFJub+KhPXYRgVJbWgFUx2rM3cYNaG3jV0BXDbhkGpCQD+j8q1s1ozX77nZd0OnyOO+5SKnfvKeIZuLNlGMnHKr9IV9u2cUb0A4w4DdufOmmFFJFcWmqQ77YlJ0+KCVk5xydQwJB7gZ96wOq/bBfzLqhdrrcfUZzksff5f2rrUFpHDGqRoqqvbFV3EXDsWt245iO6Qfw5cdPB8VE430lt+GK0Hie501UgnH2i1X7o6Mg8H28H8qsL+0seKp/tOm34hu/T2m2nXGf8AfcZrIuDFI0XVkYqfOK8MQQO5qE3VMmx7mJ4JpIZl2yRsVZT2IoVemyxLMxLE8yTnPzpqVEjV0fgmI/uCM46u5/5GucgZIA5k9K63wtbeloFkuMH0gx+Z5/3qoejiHaLxQ2i8VYGPxQ2i8VvZZWtF4oLxeKtGi8UJ4vFFiKp4vFBePxVo8XigPF4p2BWMmOgpVLeLxSpDOZ0qVKuYzCxLGRmRmUdvhzSb09q7SeXivUVyY127VZe+4daHIVY5U9eo9qBl/o/FF1ZxCGVROgxt3cjj2q8TjSH0mP2R94OSN3asRbj4tysoI5gN3NSL57Z1jeOQtIV+MbcBT7CmVtw2UPG0fq5ltHWHONytlvwrZ22y4iSZDlXGV8iuKWc0STxGdWMYYbwPbvXXeGtV0y+tkgsLjd6YwEk5MAKLLjKy1EfinKBQSeQFHCiqXje/Om8O3MyHDviNPmeWfwz+FGwNHM+LtWXV9YkMEYWGIlEOMF8HmT/bxVLTDoeeaVJmT6I01OaagRa8L24uNatg6hkUszD2wp5/jXXdMt2h061iPJkiUY8gVzr9ndi8+pGc84RmD6lS36L+ddXEYUADoBTi6NYrhFMdeDHUwx0xj8VWwUQGi8UJovFWJjobRijYaRWvF4oDw+KtGioTxeKNwoqHh8UqsHh8Uqe5VHFKVKlWZzCpUqVAxfMA0iaVKgBVIsbuawu4bm1bZJEcqf8APuKj09AWde4M4rbXjLHdRRQyxgHk/wB4VE/anmXSLFIiGD3OQAeuEP8AmuaWN19kuUlwxUHmobGR7Vtr3Vp9Z0m3EFkkcUSyugV9xJEZ7fhUSbTN4VJGCFKmBp6swFTYp6suHdIl1vWLfT4gQHOZWA+4g6n8Onk0MaVs2P7MUb0XfPwC4Un57WH6H8hXSdnIHHI9K5Zc6lJoGsXmn6SkXwygh35qoVBj64HOrnRuPpGaFNYigCyHBmib7vzX/ustunS4pI3JSmKijKQ6hlOQRkeazfFfFC6AyQpZyTzSqSpXG0fOnsSky8MfPFZnU+MdEsJ2gluGlkBIYRpu2n51kLbjfXYL1p7wxyQg7XhChQPl5qt03Q7rVdVCx+nsmJmeUHdtB58/NO/2LviOpaVqVlrNsZ7GXegOCCMEfSpRiBz4rkukX15wrrtxGqJKFJSaMtgMAe3mul8Oa/bcQ2jzWytGyHDxydqTtDTvhKaHxSqUyUqnY0o+e6VKlWxxCpUqVACpUqVACpUqVACqwtLyC3sJo8T/AGluSMr4UA9c96r6VJqylJrwQpZpUqYhA1MsNRvdMeRrK4eBnG1ynIkdQM/OodTZ1eJVUnk+D055pPhST+gM1xLM5eSQljzLdzRYX32zp6qIydPdqisCOtN7dseKVApNM69wTxFNdWSWl1JFJMsf8HszAe9A1vRdZ1K5l1EiOExxjEDfGH/7rE8C3H2XiGGQKGOCBuJGM96vuLOObyLUXi0uYiFAN25eRPflXJJS3qJ3wnH49mZu0tFe9aLVI7kMZAxhji+Jhnny7V0Hg+xFnBdC3tZIozNlDOu1wvmuc2vEmpW2rvqiSq9w5y+9cqR7YqfqHHWt30EsLyRRxSjDLEmCPka0nCcvDKGXHEseOuGblNba4skMsV0QeXM7z1q54I0S40C9kN7IHluFC+jCpcLz6s3SsrwjxM2k6kJb+WeWFhg/Fu2+eddF0rjTSdREph9WIR9d0fX8KjJLJHlcLxrHJ7Jl8y0q82tzDdwiaF9yHocEfrTVzfKb6M//2Q==', '$2y$10$Z2oxPimdQrhNWOSThsZ.MuNOQkyjTVWAxCpgrKxJPi67KJ..ThaiO', 'user'),
(54, 'tamim', 'fahim@gmail.com', 'data:image/jpeg;base64,/9j/4AAQSkZJRgABAQAAAQABAAD/2wCEAAkGBwgHBgkIBwgKCgkLDRYPDQwMDRsUFRAWIB0iIiAdHx8kKDQsJCYxJx8fLT0tMTU3Ojo6Iys/RD84QzQ5OjcBCgoKDQwNGg8PGjclHyU3Nzc3Nzc3Nzc3Nzc3Nzc3Nzc3Nzc3Nzc3Nzc3Nzc3Nzc3Nzc3Nzc3Nzc3Nzc3Nzc3N//AABEIAJQAlAMBIgACEQEDEQH/xAAcAAABBAMBAAAAAAAAAAAAAAAAAQMGBwIEBQj/xAA6EAABBAECAwYFAgMHBQAAAAABAAIDBBEFIQYSMQcTIkFRcRRhgZGxMqEVI0IzUmJjksHCFlNy0eH/xAAYAQADAQEAAAAAAAAAAAAAAAAAAQIDBP/EACIRAAICAgMAAgMBAAAAAAAAAAABAhEDIRIiMTJBExRRBP/aAAwDAQACEQMRAD8AshrU41qAE4BsgzMQFjPs0JwdUk42CAEg3ansLCEYaFr6nqtLS4xJelMYPTEbnfgFA/DcxhCrzXe0WKDDdLnjkc52CS3PK31GfPywc+yjFPj/AIggsGQ3I7MYOe7na1o+hGExF14QoJo/aLDICNZrfC+kkWXNI9hkqUaZxBpeqOa2nba97ujCC0n7pDOmkwlQgZiWpCFmkKBMaIWBCeIWLggQw4Jl4Wy4Jl4TA1S3dCcI3QgRvgJegQFjIcMKRSFZuUlhwa0ElJW3bkrT1q0yFrA52Mu80FJWbgkLa7pABkNJAOypLjbibUJdTmq2JfCDjlzkDP8Ad2GFZ3F92etwjat0pu7fGwOJDQSRnGBn3VC2LUtmR9qeTvHuO/MMk/UoE12MRKBM4sYH5H9XT5rOKRvec0bGnYh2TgYPXZaJcS/PQfJOGTlZ4c5xvkBIdG+8RxH+0lj3yAwjH/37p6rrDtP1CK7Xe6SSKQSN8Zbu09Oh6+3mudFVvTRtDIJpGv3b4Tum7lOzUdizDJEf8TcJclY+Lo9E8Ba5X4g0maxDI9zmTvD43neMnxYz6eLA+QUkc3CrjsNpSVtBu2JCALU4c1ud8NHL+cqyZFRI2kWSRAGOFiQs1iUANOCaeE+Qm3hBJrEboWZG6EwNpa9ycQQOeeiehmZJGHtIw7oVHOMbkkNJzYHeJwwpbLjFtnZoXIpowWOBz81FOPGy2poYYpXMHNuQneCdL1IQmW9KOV27QE12gVblWoLtUc4YcloUN2jVcUx6i2SfRn1LTe+Y9vK5rhnPz+6o/Uqc2mXbFGZru8ru5XbZ28j9QQfqvQHDBdLpUJsD+Y5oLgo/xD2fDW9TOqQar8FYlAY9ncc7H4GMYzvsMHP2SUhzSZWFLhu3Npv8RtSQ06xPgdOeXmHqpPwjwrodqcOs6vStv8o2SD8ZypZq/CV46bI6SxXPwMZdExsZdzgDqc45dhjO/wC6rYfweeZk9mdjZWyHPw0EgBj9f/L2WTcpJ2UkkXXV0mjAGODIg1o8J2wAov2p6bFZ4YltVmxyOrSMe8sO7WZwftnK5euaFW17RKlvhu7bdBCTHO3nf4MAdWkj1B9k1oGl6dJpN2ubtLvJajond1JyySOcCDgE+L5fhRFVTKlbLK4Dox0uENGa2IxyOpQvkBG/MWAnOfmV3Xhc/h638ZpcL+UNLP5RaPIt2XRf0XatnK1Q0dkmUrlzhqMbbhgecEJNpDSb8OgsSlacjPklKZI2U25OkLBwQIYIQsiEJCKb0vjrUqFcQWGc2PUYKcvccQXKpEsbg8H9OOq3a+l1LuoNhstH6hkOHVSPW+G9JkqsiNOEBpG4GCFFqjdQmn6drhHWa2paVFPEcNwNjtvjotDtA1mvX0iWvG4PsStIjYOpPktXT6Ta1MsgPKxg2I9FXui2obXaBCLM3eRGZzGFx2z5JXaoco8Sx+Ehddp0ZuRGJwaAQfPb/wBBSiu3mkLgWu5BiNpPQrma9BIyCCzXdiOPAkAPT0P5H1Tek2G/EP5XEsOCsW6dMv1WcenqljWeHNWbqOWuLpYI8HAZkluM+YBP7KrXaPrRhLP4TOeXZzmAEfdXZxTQiZw/enptbC+M/EnlH6i3xH7jKqmrY1PiF1ySG5yVoMckAyQ4HqSBjP1R2jt+FclLSOxwxaYzhKzoFGvYl1K93znlpbyg8vL1J3GGgbb5PRQq3eFiu6nDCe+ceTuOTxcx/px16qaU68erVYqFLU9PMzWkMEFUsdEPPfOWro8Gapc1TXdI0ew82ZaLpZrs79y4MyI9/XmLD9CnHb2OfRaJl2e6BY0DhuvBdkebUrRLNGXZETiP0g/Lp+NlJXdFkBgJH9F1nFZrvUS1iN3xr3tyCDkFS6Q4GVwbrGySOd6lY5jfD6Gkaq2TEUxDXjbddwHI6qEXIix/O3Zw3BXf0PUm2oeV20g2IKWPJemPLjraOwQsCsspHLYwGiN0LJCBFR8cTOouFiKQsnjIwfnnoo3qHHWs3qXwsjoWDGC9jTzFafFOpP1LWLbxO6SASkR5O2PVcQ9VKVGspW9Hepa3aGnurSXZ+7xjkL9iuMHEWA6MkEOyOXqFiGuAyBstjTXsZcjdIPCHeaVV4F2WVw1xDrLYWwXeS1VkbyPErNy07HcFSvRqlmN+zi9jTgOI6t8lDK3FWj04Axz+8lA8LI2E5PkM9FYvDrLLdIgFwg2C3mkx0DjuQPkOiylD+mvJLwY4wlbT4P1Z73kZqvaOXrkjAx91Qeha7e0KZ0lIxgvGHB4zlXhx7IyXT4dN5wHWHc5H+Fu/5IVfy8LMcC58YI9lEssYdZIccUpdkcerx9qdW5Lair1Q+X9Z7vqrT7KOHJ9N0+fWtRGL+qkScmP7OLq0e5zk/QKLcL8N1Y7Q54IHDmDvEzJHsmoeOL3C3Gmp07XPY0p9jJhz4ogQDzR/fdvQ/Iq8EoSfVEZYyS2y6/r+6xf0WhpWp0tYox3dNsNsV5BkObsR8iDuCPQraJwukwG5/wBDvZcqdm266Urs5C0bQ2WM9muPRxLoG+Fwp5p60ve138rh+6kdlgK4t2IcpysKpnV9Ei4d1pmow8sm0rThwXczkKpviJtPs/EVncrh+6ldPjSmazZLTxG4Dx9dl0wlZyZIV4SxKubV1mpagbNDM1zHdDlCszo80IzgoSt677hBRsRkmLGDjPVY8oz4HFp91j3rsbDA9kOcXbYLnHoANz7JqiNkl7PtGOq682aZvNXpYldkbF+fAPuM/RXnU8MbWegUV4G0T+C6FDFK0Cy8d5OcZPOfL6bD6KVs8I2XPKVs3SpFV9q+rSUuMNMki8RrVudzCcBzXOOQfflUu4aNbV6DbdOR0lZzi3DxhzCOoIVY9qFk2eNbv+RHFCN/Rod+XFbPZrxOzh+8+vccG0LTx3khOO5f0DvbyP38kSxRmkxxyuOi446DYGnu2jmI22VMdqdT4Tixx/7tdj8+vVv/ABV6E+EbhUZ2pz/E8Z2f8mOOID02z/yRjgoy0E5trZtdnWu0NEPe3p56knegskia58czP6mStB/0uAyPn0N1R6jUs0mW6liOavIMskY4EOXmmAfyuQ9CtrTdTvaa/NSxJHv4mZPK73Hsulq0cylvZ6DfejGdwtKzfZj9QVSN4rvvZz82QfmteXie6ep/dZ/hky1/pxp0WjPdj/vgrjXbzMEZUD/6jtEb/la02tzv80vwMr9pfSJNdsNIK4N2YElc86jI4eJ2VqyWC87rRQoxnkc/DdbdniHLFPKxvo15AQucZMoTJqRrrJhAdusUreqk3HC9vk391KuzjRhqutfFzRj4eiQ856GT+kfTr9Aoq1o6nyVidlWqxxS2NIshrXynvYDkbnHib8zsD90pvqEUrLOibhjQQPdPnHkmmbBJPK2GF0rzhrAST6ALls2ZQPF8oscVatKDkOtOH22/2XI3bu1Zyzm1NJZIwZnulI9C45/3SBdaVaMGW52ZcWi9QOk3nZtVY+aFxP8AaRjy92/jHoVBON5hPxjqsgHhMjcf6Grh1LM1G7Bcqu5ZYHczfn6j6gkfVbmuWoLeu3LVVxdBM4PbluCMtBwR8jkfRSk1IbdxNVp5d90jpslu3Tqla7BysZ2gsLxgHzC0Mx6k8Br4yehyPqkmWtXdyvPzCdlflaxl1OaeNrLaGy7CxJWJKRZWdKiLzFY5SpFJdBlKkQgBEDqhCBjvMPTZLDM6CZkkLjHJG4PY5p/S4bgprqlDseQPugRZujdqTWMYzW6T+YbGeoQQfmWk5H0JXR4o400qfha5Jp1tsstlhrsjGQ4FwwSWncYGVUYc09CR8k2epWTxRuzRTdUL+k7LNpBWHUIGy1IHCUke3ocpM7LPoxpQJi82FhKfuUuR5nGFjLghpByCECQkezspxzk2zzSlOwasxJQgoSGCEIQAIQhACIQhAwQhCADKEICAAHBSnYpEo9CgDYoOqi9Ab7Xvqh475sZwS3zwVN7PZ069D8ZwxqVezTlPNFHYcWvaPQuAOfToFBqUUc1uOKdz2xud4jGMux8laelcJVKbRPoPF16pzYJbmOVv2GAs5z4v0uMbW0QXWuEde0OqLep0QyuHBplZKx4BPTODkZ9cLgyDDvdejWUK9jTH1L9gagyWPu5S9oHP7gdFR3FvDF3h3UZY5IpZKRd/Is4yHDyDvR3lv1wnCdilGmcNoQ5I12AhxyrJBCEIAEIQgAQhCAESJUIAEIQgAQhCABCEIAkPAtmSrr4li5efuXN8QzscZVs1dO0y6xstjSqDnuYHF3w7c590IXFn+Z1YvidWatDUbG6tG2IkAeAAbJvWKkF2ka9uMSwytLHsd0IOEIURb5Cl4RHUuDtCdpdl8dJsEkMTnskiODkDz9fqqkcNmn1aChC68TtbMJ+iJEqFqSCRKhACJUIQB//Z', '$2y$10$dEbF8xz0jIyL00jqdpRxH.pXUzok367vkY1NEU9q8ESkYMOk0r15a', 'user'),
(70, 'sems', 'ahmed.kowsar@gmail.comfvs', 'data:image/jpeg;base64,/9j/4AAQSkZJRgABAQAAAQABAAD/2wCEAAkGBwgHBgkIBwgKCgkLDRYPDQwMDRsUFRAWIB0iIiAdHx8kKDQsJCYxJx8fLT0tMTU3Ojo6Iys/RD84QzQ5OjcBCgoKDQwNGg8PGjclHyU3Nzc3Nzc3Nzc3Nzc3Nzc3Nzc3Nzc3Nzc3Nzc3Nzc3Nzc3Nzc3Nzc3Nzc3Nzc3Nzc3N//AABEIAH8AtwMBIgACEQEDEQH/xAAcAAABBQEBAQAAAAAAAAAAAAADAAEEBQYHAgj/xAA2EAACAQMCBQIDBQgDAQAAAAABAgMABBEFEgYhMUFhE1EicYEUMpGhsQcVI0JSwdHwouHxgv/EABgBAAMBAQAAAAAAAAAAAAAAAAABAgME/8QAIBEAAgIDAQACAwAAAAAAAAAAAAECEQMSITETQSNRYf/aAAwDAQACEQMRAD8A47ikF/pND3GvaSAdVpEhFNEC5oaEy7iiM20ZZlUkKPPtRVyO1NVY2uD4xnxT7a9ouXGeneuw6jwzw7YcPtELaCIugSKd+btI3IHd16mlOeppCDkcdIx1ry8e9dp5Vv8Aijgaz0TRWvre9laSMgOsgXDk+2On1zWOgs57lttvBJKcgHYpOCff2q1JMTg0zV3PHrycKrpcVmUujbC3eUvhAu3aSB5HbzWIy+MbPrmrrWOHdT0VIn1G29NJeSlXDDP9Jx3qs204wX0KcrYEPjtXrFF204SqokFtpbaNtpbKdAA20ttG20ttFAA20ttF20xWlQAdtNtoxWvJFKgBYpsUQrXkilQHjFNXsilSoCBTjFODt7ZqREiSDO2s0gOlfs11/Q9L4ZuI7+8t4ZvXdnR/vupAxgdW78hXOjJC13OYV2QtIzRof5VycD8OVRpY2jcdSPNOSvLAIJ8UJUVsTMhWGT16UZS5KsCQUPw7T0+Xmq1mZcc8gHpVlaPlVmAxtIb6g1fqHF9Jl/e6lcMIdTuLg+mVyLqQj0wxwG2tzx5ANbPg/', '$2y$10$K1TJLRMqbRiRXdQzAaUyluByYVaDfPpvGMbcof4ltXdSbK45FvXiu', 'user'),
(71, 'adnan', 'adnan@gmail.com', 'data:image/jpeg;base64,/9j/4AAQSkZJRgABAQAAAQABAAD/2wCEAAkGBxMQEhUSEhIVFRUVFRUVFRcWFRcVFRUVFRUWFhUVFRYYHSggGBolGxcVIjEhJSkrLi4uGB8zODMsNygtLisBCgoKDg0OGhAQGy0lICUrLS0tLS0tLS0tLS0tLS0tLS0tLS0tLS0tLS0tLS0tLS0tLS0rLS0tKy0tLSstLS0tLf/AABEIAPAA0gMBIgACEQEDEQH/xAAbAAABBQEBAAAAAAAAAAAAAAABAAIDBAUGB//EAEIQAAEDAgMFBgQDBgQFBQAAAAEAAhEDIQQSMQUiQVFhBhNxgZGhMrHB8CNCUhRictHh8QczgpIVQ1OjsiRjc5Oi/8QAGgEAAgMBAQAAAAAAAAAAAAAAAAECAwQFBv/EACURAAICAQQCAgIDAAAAAAAAAAABAhEDBBIhMUFREyIUMgUGcf/aAAwDAQACEQMRAD8A5ZJOhCFzThAhGEYSSGBFFJIBBJGEggQQE4BBOCBjk0hPAQeEDGAJQhWrtY0kkE8ACsittFziJgRwtHiQbFWwwOStmnHp5S5ZryNT9+HNU6m0WNcQbQs+ri3H3sLDSbDh4KAua4mZkmf7D0Vy08fJpjpYrs6KjVa4S0z9OhUkLm2S0Sxx18DA6fRbGzMXnGV0Zhp1CpyYK5RTl0+3lFspAJ0JwasxnGohOARQMaGokogphSGQVyownVdU0JiAkllSQBJCUJ4CEK0pAgnQlCQgQjCICMIGCEgiAnAJAABOARATggBKjtSrADRckidT4SB92V+FgvovxVYMpDMXFwESBlgQTcCIn1N7gK3DG3b8GvS490ypXdaZuSd4EEcZFuPgoIDb5hYiJBvIzcQupHZXEFjgykS2TuCGlsOLTGcamDGnmsl2z61AuaaLuIzbzHtnwOUnoQZ6G61qcX5Oo8cl4M9uJMyAJdoLZbkGADryTmNM7w4RfgdNRf1Ur8NVc34S0S34W5WudrLg0XcZ+cC5K', '$2y$10$KZ8OO2T2CXCEOPqx/pQrEOAvPMgBmnE2XPvF7f86zVURixYxk76TK', 'user'),
(72, 'tamim3', 'tamim3@gmail.com', 'data:image/jpeg;base64,/9j/4AAQSkZJRgABAQAAAQABAAD/2wCEAAkGBwgHBgkIBwgKCgkLDRYPDQwMDRsUFRAWIB0iIiAdHx8kKDQsJCYxJx8fLT0tMTU3Ojo6Iys/RD84QzQ5OjcBCgoKDQwNGg8PGjclHyU3Nzc3Nzc3Nzc3Nzc3Nzc3Nzc3Nzc3Nzc3Nzc3Nzc3Nzc3Nzc3Nzc3Nzc3Nzc3Nzc3N//AABEIAJQAnwMBIgACEQEDEQH/xAAcAAAABwEBAAAAAAAAAAAAAAAAAQIDBAUGBwj/xAA5EAACAQMDAQYDBQcEAwAAAAABAgMABBEFEiExBhMiQVFhcYGRFDKhscEjQlLR4fDxBxUkciVigv/EABsBAAIDAQEBAAAAAAAAAAAAAAEDAAQFAgYH/8QAIxEAAgICAwADAQADAAAAAAAAAAECAxEhBBIxIjJBEwUUM//aAAwDAQACEQMRAD8AzeOKGKcAoytZZhjW2jApeKGKhBOKMClYo6BAAUoChxQoBK3VTJNLFaW6l5XIwg8yT054qTJ2Q1hrchbOSQq2c5yw9epGRkeXl0qX2agW47Xxu4B7pSQD0zxXWbBQ7YY8CrPdwSSN/iUJ1ZZwV9NuogiPpkwccHf0PoRjGB7Hr60lNP1Bm2rbuyhjwEx516Fnt4mGGRGHuKirawpwsaD22CpK+RZjRE45bdl7u9jy8e0er8VQ6vp8+mXZhuI8Y+6R0PuK7jeoI5goQYPpXN/9Slj+0wbByvB+FSqyTnhhtqiq8ordCnaWz2yMMqcDPXFWPlWb0STbe7R91lNaLmk3xSmYN8esw802+c9aPmgeaSKGmBPWk45p3FIPBqAHsUpugoAijzmmCRGKGKVihioETQo8UNtQAXNAHFKpcIPeLgZ5HBGQaB1GPZpFn2ZFtpy3us3LY8YjXjOMDJx7nP4VouzfavStQuRALxYp36JJxmok2nRxWEwghDBZe+WNjwGKKcE+nirNa3Zzrb2kwisCxXM//HRdj5PCkYJ8ufj0p6Sl6enhGVcFE64Y3JyrBh7VGuiYcl5VUDrk1R9mPtFr2bkZpJA33huO7Zlc4HtWCubTUNVub64u7+5lS0QuQJiO89gB1PPSuFFSeBrcorODcXOsQNKYjKhf0DCsR/qBayMUulJeIkA/+uahwW9oBCj21zbtKveI7uTnPrnkfP6Va6/I8XZyTcdzAKp+ORzXX0msEfzg0zKaHCTeM45VEzV+aY03TZrGyRrpDHJM3Q+oB4+gz86kla4vlmeTA5UZxn8kN0RpeKIikMriDTbinjTMvWoBj9AGjNEBTBIoUYHFFSl4NAIMUMU4BmhioEb20uMDvFznqKMDNDGDkVDqLw0ze9n5Vu2uO9HJlKkN14wP0q1k063UMzQR8DI8HJrCdnNXb/crhLhsFpTIXxgdBmp2rdtkcPbaRBJc3BxgqDgc+xzTuuT1FdilFM092nc6YwQAE5JHoKo9P0qxnkZ+7O5hg+LBrO6j2u1+Vfsq2F1FJFt3r3DDcOpO70Pp+Jp/Qu09jPPENQuZYrzoTNxuz5HAFBwaGxsi9F9c9nbS2czo5yOm5iT+NZnW3jlurW2Y7UkvIgePIMCfyq71rVVVwA4CAZBBzmsUt5Hfa/bGQjuI3LncMjIBwSPpQit5BKaitlldXM0sZiml72OO4k7mQjG5B0OPTk/So+KkXjpPcvKhZtx5Zup/lTWKVKWWYfPuVtuvENkUnFOGk4pZSEEVHk5NSX4FR2HNQ5ZJ20NtKIoU3IsTijxSqFQIYOKMmh0oCgQOjoqFTJCvuZkt7iRpCQhG4geYIxxS9ESwINxcXE9okrbiyMSoGehpOsWLXkCmIgSxnK58/b+tVulTG1uTBdB1U/eXOM8cD61bralHRtcS5Sikay6uNHlEaRdoHIUgABz69cVldVtrQOZlvJrl1wA5wAfn50/PNpkqAwwLAQpOSSdxrOXd4XyC7EDnBpkVlluy3KLy5vJZUijaTdGBgEDHHrT2ior3MrgDCgKOPPz/AErPWff3rKibtnrjoKvbiWTTBbWlmyiXl5t43cH1965nH8Qi3M6mX+ME0k0m2k7+3jlxgsMn404RWe008MxvHgbIoY4pwDFE3SuSDLLkc0zJgcmnJnK9KY3bjkioctk2ixRijxTjgLFDbSsUYFAIgigBSyKSW2qSxAA6nPSgQOhx61WXesRxZEI3EdWPSqk6rdSIZGlKJ1wFA48vmafDjTlsaqm9moJAGWIAHqacOi22q2PescMM7SPLGRWVsmmurlTMzcDIUnp8a1nYW6N/p9+m4Ax3rhfZSFx+Rpjp/ks5NDg0pT2ZG57PXkcjpEXK59fL9KXb9l71gp+ynaT97B/OutWGnRo2XwzH55qt7Va3DZKbWxCm5AwSOQn9aCtlLSNKVcK1mRhpEXRk2bVe6x4Y8cR+7fyqrjikaRpJCzu5yzHqTVoYzK7SSMS5JJJ680zKyBmjjPC/eYfl8asQi0Z1t/fzwmaTcov/AB5HGSxIz+VWxGPL8ayJlMjjYAB5EVbWF7LG3dy5fj5ik38bPyiUJxT2i1fimZX2r6mkGcSHcOlJMgrPaaexLY0z7vKk9KUcGk1AZJw5pVBeKGaaAMUdEDR1MkESyLDE8rnCoMmsxPdTXpzKxCHxFM+EDyH61a6jcme2nhHHi7vjz5AJqsSLJ6ZDHxY8hWhx6VFdmPjHoskOZO8IjAznlh7elGI+9bcTiOM8e565+VSBGQC+MMxOPYUqde60+QL5jANWidyPZalBZI887HMjeBOpIHA/WrjsbfpoF7fiaKaaKcnYsceTwTg/Pn6VQfYoytrtQGaQjr6DpVmr3ttM8FvdiBnUB0TLMQOm4A4/SuHWpeluu7ruJpZe18moI0enuluOVbBzL/T5CqeeWKBDJM4QdcsetQYrWO3bcy99cvyN3SP4+tR54Ylkyy97Pn77E4BoKlR8BO52P5Memv2nyE/Ywjq2PER+gpsSmdVhhIitweT/AH1+FMpC9wwjUEqOWI86sbLT5ZFDhfAB/FsRF9S3ofqfYV2opCpR7PIdvBHGuY0JOfn/APR8vgPrUhreRlxnA6hVZdv0zSWaMeCJmkC8Ar4F+WP0xTLKAcEKCffJqNA6IklWjkHebgxHQjAp8HIFVjyTBQhkcoOcFs4+HpUm1nOQD51U5NPaPZeo5nXlEpjikZoHJoYrMKxZUVKoYppBNFI4RNxOPQU5iq7UgVlikB4CsGHxxz+FMph2mkdwWZEdYx9qkR8KG8YJPz/OrvSuzF3qNv8AaEEMNn3yQSXEsoULuK5wPM8gD3qp7vv7eOWMjPQ46g9Cfoa6Np2v2Gldg7FHuAt1ehvuDcYsth2481B+orWWkWHBSeyo1nsdbapPcS6IyQxo6xxoxJRwoKs/AJGSuB64J86x/ajSpdL/AOHJLC+7kd3nIGceIEcdD0zx8q2Tw9kbmVW+0GF3jDExyGNAcDjGNucn8CTzWd1+ytmvY0sdUl1GIR/tbmSQSAeiqwJ8ufbIonLgvSisYCYlZQTIme7588f39akKVgt1jhG5nOTIR43Y9WPtT08SCIxRABAOcdTTFrbs8xVF3SyMF44+Cj4mp5s6W1hCre0knkMULDvCpeSQ9EUck1qL3Q9L0vRWe50Fln7sAST3pLOx4zhG455x7VO7L21pYWE7zCKe+n5VBIuW2NwqgkZwQCeRnj2qq7c6rJe3sGE7tDkQpvDc5JJOOOAMfEkeVJlJyax4PjFRTz6Z+wtgwbf4YEbDY/fPn+I+g96fu1ub4glCtsp8EY6Z/n+A/Odpojt7USLFvVRlQWCj258uMfjjzpMkk1y26Tbj91UPhA9qaKxsgx23oFA9s/nTzRBEIWJVB89oyamRoP8AFHOgEeTQYShmTBpoeHkdRzUu6xuqG/Qj14oPwKLUKCoIHUUZUUmBv2Ef/UUZNYkl8milLTJ9ClYoYzXZyEOagavBcW7RPNEQkiCVAeS6HoQKudPNrFeQyX7FbdXDPhckgc4x70Wq3Savqd1dun7J2xH5FUHC/h+NWeNhfI0eHxpTTkZi5aa2i722cFWAO3PhYe1CCQzRp+VR9ZLW26JcNFnjyIz1/v8AzT+lgtbRORyVBxWhGWQ31uHpMSAyfeOE8zTlxIZV7mEd1ApwfPJ9P79at9e0C80Uw/aBmGZQyTIODxkj2P8An4UrqYRzgFVB29cZPA/Ou8lR6ewTuYotpxuJxnH9/GitHeCSCaFsOrCQE+WDx/fvR3Q5VSowCcnB8uPX3NPW8ecZ+f0oehT/AEv31fTjC076WxuGy0y98ViY/wAW0dSff08+tZTUJZ9W1+WSXaDBCq7VG1U3EA4HsvFTdXl7m1AjwGZwAD1z5fTrTUCdwWlRe8ec7854CgAcn40npCvZZqlO6aiiwSwvLq0aeCLNrApx4gowMAnn4gfMCobSLEuZpE2L1WM7vq1XFp2tv7a1is44YHii5USL4Qc5Bx6g9Oa0W/S9Z0n/AHDV/s6zKh3TR8tENxG0c5BUbSBg5APXOa5Vifhds4koeowJ1J3UrbREJ/ERx9Tx+dJaVs5d9x/hXofrz+Va6Xsg8twpst2GchxcEd5b48mI4PnwPIVmdSt5LC4e3mjEcq/fXIJ5APPvyK7yVpV4K2Yk8kY/SorgkcfGnpG5pl5VjVmIyccV1+CsYLO25t4z7UtxxTOnktYoxHP9aeyT5VjWLE2UZ/YtQtGRgUndTsCtNLHGvVmABqAgsySIU6tLIFXkCkXJuLaPKRE+uF5/PmtXH2YGN0d4Q/vHxUDU+zt7LLHBuhaNm/aOrkYXPPFdJtH0DjV8auhQT2jmuqyvI5URyZLc8c1tex/Zq51q4+z2pWOKEKZJH52DyGPXg1rF0OzhI7mxhUDABjQDA/v3pnRrqPspqlxOIZfstxgTgZYgDOGHuMnjz+lXard4Zg86n+j7L8JXaztFZ6t2U7uA7bi2ukSaBj4kxuXPwJHX/FTxY2us6EmnC1g71NKgngmK4Idtw69ceEfU0XbLSNOi7DXb6ZGgilaO570HJkO4HOevQ0vsqxi0iHVZ2QW/+2Qw7if31eTj8V+tXDJf2wzE6l2X1i2Mam274SOQjQsHDHJHy6j6ioc2m6tbg/8AjbzcASVWEnjJ54HSt1NqF3oOi6HHMndLJqrRXCuvIQyOQfb90/CplzNcxzLDITJcq0kedxIMZckFvXAx+NcWTUFk7q439ZYRkbPS5tK0O51rV7OOWZIiY7eQ/dXHJ/7H8KzmnW8Ulos1uZFSY7gJjkjn8q0/aZ7zVdSitNOu1kiKlJgHBGfPitBb9lNLMKoBKu1QAwk/TpWdZOUz0vBro47Tmjn7WTL4iqsD5jijSEZ6DI8iOa2F92Wngy9hKJl/gcgN9elZ+aBlcrJEUkXqrcEUjMom0o0chfASNa1GFVj+0s0asCyMB4sY4YjlhgYwT0qXruq6bquhySNGIr8uGkwcF2yQOfMYLk/LrVJeNtByc+hqmuJiG4P41bptbMTm8KNeZEe5YEkF8eW4ngfzqIVLsoMng6DAOTTpuIQwE0Ajk/iYDxfP/FCHx3caY/ezirktRyebsnt4LmLEUaxpwAKWJKabzpOax28szWy6qdoqhtRTP7oJFChRXpY43/aJqb+R4rVmjYggZFQtAne7kLTYOSRgeg/zRUKYj1Tei8ccYUleccVFvrWNQeWPxNChTH4LRQ6jbG5tu4e4uBCuSsQkOwH2U8CsH38q3EluJG7peQu49fWhQp9UmZvMhHt4Wkl3e6hp5ju764ljlbe6O+4bscMM5wfLjyrWyarPFEi7Y36bjJli/wATnmioUu5tlngxS8J/Z5RKpuX5d3boMBeegrQbiqDHmKFCkF9jRkfoCcZ6VX6vbRX1v+3Qb1+7IvDL8DQoUfwMG4zWDmt6xZN5xkjOB0rLaxM6XIRTgAZo6Fd8ZfIuf5pv/XyRRK7Jycg+R6VM0hdt4u1mAwTtzwPh6UKFXr/ozx0vqXbGiHShQrHM4//Z', '$2y$10$lgWKapujDvSoaO80FFfHIeuXFj/HcXBQ0DUJq13q7WTjkmCZnWe9.', 'user'),
(73, 'ador', 'ador@gmail.com', 'data:image/jpeg;base64,/9j/4AAQSkZJRgABAQAAAQABAAD/2wCEAAkGBwgHBgkIBwgKCgkLDRYPDQwMDRsUFRAWIB0iIiAdHx8kKDQsJCYxJx8fLT0tMTU3Ojo6Iys/RD84QzQ5OjcBCgoKDQwNGg8PGjclHyU3Nzc3Nzc3Nzc3Nzc3Nzc3Nzc3Nzc3Nzc3Nzc3Nzc3Nzc3Nzc3Nzc3Nzc3Nzc3Nzc3N//AABEIAJQArwMBIgACEQEDEQH/xAAbAAEAAgMBAQAAAAAAAAAAAAAABQYDBAcCAf/EADoQAAIBAwMCBQEFBwIHAQAAAAECAwAEEQUSITFBBhMiUWFxFDJCgZEHI1KhsdHhFsEkM2KCstLwFf/EABkBAAIDAQAAAAAAAAAAAAAAAAADAQIEBf/EACMRAAMAAgICAgMBAQAAAAAAAAABAgMREiEEMRNBIjJhQlH/2gAMAwEAAhEDEQA/AO40pSgBSlKAFKV5dwgJYgCjYH2lQ17qjjHkkLUamtXMMiqS0rZ+6e9IryIT0PXj21stlfKr0XiBp1fZGE2tt3dcnvivDX7N6i5z9aH5EAvHtlkyKZqrC6llkCCfbnoBWSSZsgCSQEd1NQvIn/hL8el9llzX2q3Hq89scMRKi/eyea2v9R2bIrRZOeoPBU1dZo1vZR4bT1omc/FM1T7jWJZWYb347Cvdlq9xEMRkOO4Y5wKWvKhvRd+LaWy3UqPsdUiu8JkLKR9ypCtCpNbQhpp6YpSlSQKUpQApSlAClKUAeXYIpZjgDk1Aahe7g7O3pHRfep2dd8Lr7jFUHxBMIfMD52qAMVl8q3M9GrxYVUYL2/iiUyTyHGeFBwB9TWnZ6hLq0xXT2IGPXJnhf81QNba+1nU44bQkFn2IM+kZNdX0fS4NIsktrdAAoyzd2Pc1z9bWzoeujNDbi2gSIHO0dT1PzQkKCS1epWya15cEf7VXegSPdtMguY8Dkk8ivsl9vmZQcc44HQ1qRThZwvAwp4Hb5qOhudrs+WOTlQTUqw4EnJdFkYoCSeoP9air4SvAXtZCJR6hn8Xcitrz8q2XA3dFU1je4xEEjXgDHXr71beyPTIy08RLKu2TMTR8GPbjB+fetyLVLcZ2Fn3ckcjn2qt65ZM0ZkhO2YLw3+1Rvg97t7iV7p2kfdtxu9IqOPXItv6OiaXcy/8A6qFSAmeeeRXSIzuRWBzkZrllqNkiPx1w2K6VprtJZxM3XFbPDpvaMXmTppm3SlK3GEUpSgBSlKAFKUoA+EZGKoPi+wuHZgIj5WcbsZzV/rHLDHMm2VAy+xpWXF8k6G4srx1s5R4T0tRqss5VR5SYH1J7fkP51b7gYBOeK3L21gs7r/h4ljDAE7RUfJKWByeD0rn3HD8WdCb+T8kaU0m3JPStSWYOoCbufavGtSTJbyNBHvdQSu6oTwFf6t4hubiOawmW2hjBFzImweZ0K/rnGOcDmkzjd9obVzHslpSIVcBsOUJ3fwmtG0WJY3f1M38fvVom8NTvGQbuNGIwcISPfuetVzxDo2o6bYzTwRPdiNCcR+o9P4ev6VPw3sj5oa9mgksUkx3OdvsTw3xW882V2+lUAwMCqX4M1q51G5ntZURjD9xxGVPXHq/sat8nmgncqKQRkLySPyqahw+LCaVraMFwpcnfznmq3prtZapc2xHPmbgcdjzVs4k3fX9K3dB8LQ6tqhuZTtCIu8Dv1omXT4ol2pXJmfwzYPd3CbwDk5y3SujxxrGionAAwKwWNnBZQrFAgAAxnua2q6eHF8a0cvNm+StilKU4SKUpQApSlAClKUAKUpQBGa1EGiWT+E4/Wq9P6DuHarfcRCaJo26MKp+oI0e+KQEN04rF5Uf6Nvi1/kwabYnU9TYPn7PEMt7nPTFWoiO2hwoVIkHQDAWobwqcSXe5gWJXjv0xUnqkXn2c8OceYhUH2zVMUqce17JzU6yaZT9W/aLZ2lyY4LSaaMceZnaD9KktJ8RWOuWZmtGwynEkbcMh/wDu9ch8QQ6xZXYsri3fzGYhCiZD/K+9WLwPpN9pkU1zfAxSTYCxHqFHc/2qFVe2McQvRbdYsYysl3aRxrP1fauN4+fmq4Jg8XmekZ/Ep65q128mTtPORzVMYJDe3MS4ykzqoHYZNJye9jsXS0SNllyfRjHGPeugeELXybF5SB+8bj6Cqbo1lJd3SwxKctgk+w7mul2kCW0CQxjCouBWnxI75GXy764ozUpStxhFKUoAUpSgBSlKAFKUoAUr4aiNT1QpmK2OT3f+1Vu1C2y0y6ekb13exWw9Zy3ZRVT8Qags/r8pRjjg8mvE10Vfa+Sx6+9Ql7cIWLSHHfaDn9a5ubyXXSOjh8ZT2z1a6y8d4txZxsDCp86Mrj0/JqeXXoL+NZLKUOwHrgZsEf5qteHyb6W8YR5tyACD0f4xUfrkcVqY7fT7GMSvnY2395+vUClzkqUNrFNMn9Su5ZJ7YpFKQsnOAOBtOe9YmEjndIPKReT6ufz7CqL4jj1ax1Q2kWoXSGEBt3mnD5x/mvt1pV1qNtmaa4uYz1R3JwfjPQ1Z0iFjLPqXiix0yFmjbzpM49JyoPuTVJHiOBZXMIMtxKxZpG4GT1qY0O1trSBww3LsIk8wY4HuKoyBG1C4CRbEMrFEHRRngVMpUmD3Po6d4b8UXlo+9Jlw5GRwQfrXS9D8Qx3wWO52xzHpjo1cL0+MqQUCqcdquOj3BUKrk8DrijHnrG9fQZfHm1v7OwivtVjRdbZVSK6JKHhXPUVZlIZQQcg9DXSjIrW0cu4cPTPtKUq5QUpSgBSlKAFeWIVSScAV6qL1a5x+6U8fiqt0pWy0zyejV1TVcho4CAvdveq5cXBf7p4HVvat29WELlmHzz1qHuLqPJ9JYey1ys2R2+zqYcaldGtdyEZYtuGfunqahNS1VoYbiWXA2xsijOCSR/PrWzeXIMEhQtu7c9Kq0pe81W0s39UayeZL84OQKVC2+x7ekdA8NQG10K2jckSyL5j5POTzUrp1nAboXDAGX3asVpsMkQYgIBzUiDDGSy4LU2FtibrRSPGsinxXbrjhIlHT3JNa1lO9pMzhMozeoZ6D4p4gP2rxTMSfu7FH6VuPAEXy0fDg9aVX7Dp/Ul7rQU1C3yygLLg7x/I1yjxDpUukao4mTLI2D/1Dsa7Jo6vJawM82Y0XDMT3HFVD9pU2l3SwG3mEt4hKOFUkbPk9OD/Wnx12JbbeiM0uEFEA9XHBqwWcTZAwAvQmqx4Lnd1NrJyUOF+RV3SLYOmMUi51Q1V0blqjPHjuP1/OrFoV9JFKLa4I2N90+x9qrlqdsg3Z544ra+0RoTGJBvXOR9Kfhvj2IzQqRexX2tTTLsXtqkoxnofrW3XUT2to5bTXTFKUqSBSlKAPlVnUJB50rsTwxqz1X/EVtLGjT28e8HkqOx+KRnlueh2BpV2VTULgjcZyNo7KefzqFvZxK6rANzsfSq8k/pUncwpchfNaXr9wDBqe03TodPtt7IvmkZY45HxmuYobfZ1HaS6KrZeHL67uVFzH5FuTlizDdj6e9aY8Kalaak140AaLkko4JH5VeftEjxPIiNtHXjrWsNRcyKF6Y5q/S6KbpsiY3JjwSKxvJeRsGt5h8oeRipe7hgnQum1JjzlRgH8qixIcskSbiBgt0xS2mhipMihZyNfT3U7IDK4wPyxW5IUhDEgscn4A/Wta91LaQrQr1+8xwPita4k8t2kncB2HG5ehqpc25Zrh7TyzuCAkheMEk+1VbU4s48ve5bru5xUhJKr+uSZmPwCM/wCKmNP8KT38QnvJvs8D8hVTLsPz6Vedsq2kVzwXbM+srDu2tJ6VJ/i7CugGJk4ZSGHBzSx0LRtLmSa3hkaWMgiR5CSCO9Sks9ncl5JiAzHJK9/kU1qWv6I5NV/CHZimCoY47LWOWcBCywsu71YIBzW7c26MFNnKM5yc8nHxUCnntLIAwUJwCaVrQzey+eEJA0M6DpkMB7cVYqgPCNs0Vo8rqR5h4J7ip+urh3wWzlZv3ehSlKaLFKUoAV8IzwQCK+0oAjb6xtFQzeQm8HhsVGBPtRO/mKM4OPxH2+lTOrAmxkI7c1C6M2dLAPVXYH9f7YrLlS5pGnG3wbMskihSmML7Coq5WMdlViPvbRkVu3BxzUVcEk0mkvsdOyLnX7POrrNLIucHd2rT1uVrULPuZYmGCFHU1JXEQkjZWzyK0rmJNR0qSIjOVwMnvSaXZol9FUu9RVw6jCgtywYFjz2rBdX03mmd3SMt90HtVfW5ZlETKyshKkHqCODU14Tsk1TXUSZS0ECmVgfxYIwD+f8AShwW5l08JaPK8aajqI5IzFGw7dmI96st3O28AHoM/lXmKZ8bQO/tXu2tvtLPLMMxKeAejf4o1vpFG9dsj5lkdy7kiLHpBrTIIAA4x0yc1M3uGyP0+KjHTmp4pFXbZ4jiBbfAxhk+OVP1FT/hvS7G7lkuZoybhWBZM+nPvioaFDuqz+FkxNctjoqgn65p2GfzFZqahlhVVQBVAAHQCvVfBX2t5gFKUoAUpSgBSlKAPE6CSJ0PRgRVX02XZcXdq/DZ3qP5VazVa8QaZcJML+w/5inLD3pGaX00OxNfqzDdd+c1HSrznrWSz1GK8BRh5U46xsf5j3r3Ngd6zU0/RplNezQcE54AqLhk2zTxgcAkZ/OpHUb2G0hZ5HX4GeW+BWr4c0S619JZJHe3tHDAyADJbvt/vVODt6QzmpltnE9R1KM63flD6Dcybfpuq3fstvo5NVvV3De0Skfkea6Rb/sW8IRKPNhu527s9wRn9KkrP9mXhrTZftGlWkltchCocTMQQfcE81srCtGSc72YYR58yRKCN3LsOyjrUpcyoq7IxgAYxUFDJLpestZ3uVLphT24PUVvysWJGDWSVrp+zTT32vRrTtk1rkc1suBWKRoo1LSuqqOpY8UAgjJGrSOcKvJxVq8MW0kGmrJOpWWdvMZT+HPQfpUNoNgNV2zSxt9ijYFdy484/wDr/WrgOlasMNdszZrT/FCvtKVoM4pSlAClKUAKUpQAr4falKAKn4m8K6fesZi08LsckwuBz+YOKrsfhbeQF13WEX+ETRn/AMkNKUnjO/Q5XXH2Zbf9n+nTXm+81DU7kg4/ezIOP+1RXRLS3itLeO3gULFGoVVHYClKvCKXTZmr5mlKsUITxRpNrqVhJLOGWWFGKSIcEfHyK4lN4j1TT5nhguSY1PAcbqUpOWVsfip6NT/WutzCTM0aYHVIwK6T+z7QbbVbaLVdVmuL2f8ADHO4Ma/RcUpQpW/RNU9HSUAVdqgBRwAO1eqUp5nFKUoAUpSgD//Z', '$2y$10$RjupZFQRj8AwBiPhAO2vQ.tC3tClprDjV6W1QDdIO5gxsWn6HXN1q', 'user'),
(74, 'anika', 'anika@gmail.com', 'data:image/jpeg;base64,/9j/4AAQSkZJRgABAQAAAQABAAD/2wCEAAkGBxISEBESExMWFhUWFxUZFhcVFh8WFxUbGhcdGBgYFxcYHSggGBolGxkZIjEhJSkrLi4uGiIzODMtNygtLisBCgoKDg0OGxAQGy0mICU1LS0rLy0tLS0tLTUuLy8tLS0tLS0tLS0tLS0vLS0vLS0tLS0tLS0tLS0tLS0tLS0tLf/AABEIAS0ApwMBEQACEQEDEQH/xAAbAAEAAwADAQAAAAAAAAAAAAAABAUGAgMHAf/EAEMQAAIBAgMEBwUFBgUDBQAAAAECAAMRBBIhBTFBUQYTImFxgZEyUqGxwRQjQmLRB3KSsuHwJENjovFTc8IzNEWC4v/EABoBAQADAQEBAAAAAAAAAAAAAAACAwQBBQb/xAAzEQACAQIDBQcEAgIDAQAAAAAAAQIDERIhMQRBUWHwIjJxgbHB0RORofEz4QVCFCNDUv/aAAwDAQACEQMRAD8A9xgCAIAgCAIAgCAIAgCAIAgCAIAgCAIAgCAIAgCAIAgCAIAgCAIAgCAIAgCAIAgCAIAgCAIAgCAIAgCAIAgCAIAgEXF7Ro0ldqlRFCAF8zAZQdBflc7ucAziftFwDVAiu7XIAIpmxJNhYe0fSQxxJYWaqnUVhdSDw0N/KTInOAIAgCAIAgCAIAgCAIAgCAIAgCAIBUdJMcadMIpcPUOVclsw5kMwKrv3kHwMrqTUVmSjFyMrgCKZNJUUIScw9sO3FqjVLmo2ntNy4bpkdZ3yNKpKxf0dmLbMLIfyoqHwuq3t5yanJrUraSdrFdtSq1BxXpN3VF4EDcSOItp6cpF1GndElDKzNPsnaKYiktReOhHukbxNcJqauiiUXF2JkmREAQBAEAQBAEAQBAEAQBAEAQBAMX04xRStTJ9lKZbzufqBMe0vtI1UFdEzCU1U5gNfgZSrF8o3yJx2kliDoeX6d0s+orFDotMzG06xzHv3fUSi5ZY+9CcZ1WJal+CqOz3MutvS80bPK0rcSqqrq56BNpmEAQBAEAQBAEAQBAEAQBAEAQBAPPv2nVrMgG9lHopZvnaYdp7yNmzLJnV0cxWIqMl6f3RUdouTusCdbjffS43Hz5gi43T8i1zala3mcto7ErVK3WU6uQBhcAe0Bvux4WuLWO+KeCzxHark7KNiNjXvmBNyDY2+YlByUbMgUa5R0qDerA+huDJRdnchJHrGHrB0V13MAR5i89NO6uYmrHZOnBAEAQBAEAQBAEAQBAEAQBAEA80/aQh+0ry6u4/3D6Tz9p/kN2zdw7+iO0MuHakQcyXYAC5ynUEDjrf/AIIJjB37Ja4Yncl/a3DdWoPbuxZ2TQW35UJtflLJ0nBZstwrvPd4+5jqu0AuMNMm+e/qP6SlLK5GoTWFjruMimUtG66F4u9I0iblNV71P6H5zds8rqxkqrO5o5oKhAEAQBAEAQBAEAQBAEAQBAEAwf7RqX3lI80I+J/WYdr7yZs2bRmb7dGpUr0yMwRLX1BsFDA91hMykaES62NxeIw5fD0EQZsrWNmOgJa9td8t1JJrfqYfa+DqUCtRz95mB+MlB3djlRZXNhTqipSVxuYA/wB/3wlLViBa9Hcf1NZSd2494O/9fKW0Z4ZFNWN0ekAz0TGIAgCAIAgCAIAgCAIAgCAIAgGP/aBTv9nbkX/8Zi2td1+Jr2XeUlHZwqUiQN4Iv+ZiMt5RTpubsjTvsaLB4ZaGFZFN8rEE8zmOY+staUYtFSblNGD/AGgbNZ2oou83bu3aCRprtWNDWOOR07DRlSpQcFXXWx3jQfDW/nITTuV7iXg6lx3jf+vjIHGj0noxjutoC+9OyfofT5T0aE8UTDUjhkW8uKxAEAQBAEAQBAEAQBAEAQDjUqBQSdAJxtJXZ1Jt2RnNsnrwMyjKtyOfnMVWTqWVjdRpqG/MY2iqJhadrDMpNtAMq5j8bzXSio4uWX4FOWc5FfQe9Mfm7RHe3aPxM85u5fax04rDK5DHeN05vuSi7HMYNKlO5Az0rgHjlbhfu1E11LTSnxy+PgrnlPxMugy1HHJtfOYyLL/o/j+orAk9htH+jeR+F5bRnglyKqscSPQZ6JiEAQBAEAQBAEAQBAEAQBAM7tvaQPZU9kceZ/SY61W+SNtClbNlNRxrtlIVurYsqtwYggMBxO8+h5GQpJ4ot6XNF43sW+2ED1RTLFAyOqm11JbQ630NtJswt03h33KKN1TbSvnmVuJoVKThLA3HZtxA327+6Yvoyw4lmi6M1KOI+kEjQHwtqO63OV4XwJXR9w6mnTesxUIQd53j/maYxkoOD11I1JKTwLUxrVr137zx+fwmaaszkidSqXkSJuui21OsQUmPaUafmA+om6hUxLCzJVhZ3L6aCkQBAEAQBAEAQBAEAQCm23tDKCin94/SZq1S3ZRqoUr9pmZwmHbGVuqUkU1t1rjl7in3j8BryvTTp43yNNWoqa5mp2zh6S0EBGVKZW2XTLoVFrbgLzZKOltxiouWPLUgUyHvh6xu29G3FhwIPvDj4Tma7cfNdbzQ7x/7Iab0dGJdqdlxAJUG6VVGotuvbUHv7p22Lt03/fjz65E4pSzp670cKVRqtwjU6hsbsVKXUnQWX2ha+vw5Rbwxzy4bzjWHNppfcjbXwx6vPiGARd1NdF05nj4TmNWtTTfj7tko1Fe1NXb3nn9fF5sU7Wte2nKwt5G3DhMk1YWtkXFOprKgWezsQUcMDYg6TsW07ohJXR6Hs/FiqgbjxHI/pPShPErmKUbMlSZEQBAEAQBAEAQBAI20MT1dMtx3DxkKksMbk6cMUrGJrUq2IqrSp3Be5ZzuVR7Td513czMMYucj0ZSVONza7M2fToUlpUxYDid7HizHiTN8YqKsjzZScndnzaqg0mB3ce4WnJ6HabtJMz7kslCkyAklgtQE3AQe2Bbed1rwmottPLeblaMpSi/Lx3Hzr6hxIpZyyIhz5rdp7Ai9hrb6zjTVNzt2rfk5giqWO2b0IhxGT7VUGuvVr3n2fmDOqPbjFaRX9L3LMOJwi/FkTbGCp0kD1M9RwVABObtkXsF8jqZXKo5ScVklvI/Vc24xskedIT1z3353vx3sZmlyOLkaKn7IlLJE/Dnd3QRZtuipuGPIAf36TZs5krGgmopEAQBAEAQBAEAQCJtPC9ZTKjeNRyuOB+UhUhijYspzwSuZwMwN0JWovA7x3EcRMWcXlqbspLPQ0Oy8eKyX3MNHXke7uPCbac1NXMNSm4Oxz2mL0nHcflFTusjHUpsBWFRTRZrkC6N+K1r+IZb+kNqymtN69/I1zWG1SK8V1ufqdWBpreqhASuL3Ya5r2s9iddw+MlVdkpbt/z8k6raSks49ZEbZOGGU03/AMprlRcsW5nmOQA3nfOTvDNb39uvUlVnZ4o/7FF0i2mjLUqO2UKWNNCpJLajM/I9q1rjfKZRjBWXn6+vqHFQVl5/BgcFv75nkRTNVg0uspZMscJTtCRBs9A2DherorpYtqb/AA+E9GjHDExVJXZYy0gIAgCAIAgCAIAgCAUXSpqFKka9VxTK7m4t+W34vpISpKZr2SNSc8EFcw2L2viSDVp9ZQ7AKkrlLqTbNqp08Tw4GwMoUoxdkrvjuPYjQpXwNKT8cl5/Bf7A6X9YiUcSLO11FXQLUI5rplPDQWJB3bpGUo9255u07GoPFTd1w4fJYfZS1NWpvmBZWYIcmawto1+yd3j8uxkoZSVue4ipqMsM1bK2ef7G06n3iVAyqy3GVvabusNSN0U3lh/XgKXdcNfQ6tqhabLiM+QgFXX2i44AW3tIQzi6eq6/IpXnF07X4cjzDpoX6xWYWz3e3iANfS/nKpN6PcdlwW7Irtg4B6rluAlU5JZCEL5s9N6IbFFYlnU9Wul72ztyFuA4/wDMlRpKWb0Kq08OSNrh9m0UIKU1BG4219d81qEVojM5N6slSREQBAEAQBAEAQBAOjF4kIOZO4c/6QdSMntDpC1BrPiDmOuRaauRv42AAB7zuIvxklCUjdS2KpXV4xSXFvr0M8+18LiMXTrVahqtTuEoVh1a3B0KgXUv3Hebd1jjNZG3/jbXRpOnFKz1a1899iwo4mnjqtas9fJUUfcUr70XVmAOjFrEAjVbX0MhW7rimV1X/wAZRoRWveft16HXgMCPtVaoQWCUwe1bKnNEOti5IvpcANwOuahbz3EJSdrfb58i9xSJSKMW6m4zP1Zso7hcEsxNgNNeU0qUs2935KVKUou+duJXVcYK4BqUmSiCAxPadhUui3F7gG43czyldJL6adtfyWRhhjlm39siZWXB0M33Ydj+FaYzDluUWvznbOa4Lk+rEYqrUWtl4mC6QUkqLU+7Y4lmQUlz9hVYksz33hbEWB49xlE8KzEov/TQvOiexw9T7MXWyKHcpvZScoI4DMwYA33KTKqMHUd2QqVsKsj02hRVFVFAVVFgBuAm9K2SMTdzsnTggCAIAgCAIAgCAR8fi1o0nqtuQEnv5DxJ0hZk6dN1JqC1Z5uu06zLUrB7VKrEMp0sosVKljZQACL99ydJowI+gey0lKMXHKK158+PXEze1MbckM63B0Y66fvAXsPDw0AA5OVtDXd00nFZdbikpNlFR9QxAAuNLHVjfgSLAabiZBTyciyNa6xPTr8Go/Z3sWo9Zq1Ynq1BYA7mN9GW+4Cx9O6VzjlxZ53+QwRSSzk2bz7Mi4SoaY1rG9ybmzNoCeQG4cJCnTUamXD1POi39ZJ7vg6sRhxiMZh760qSOVHvsOzmP5RY256nlElaEn4iLw0ZPe2dr4XrKuKAOlqa24Ap2lPkdZKXYjFLkdx4YQfideJbralM0zYvSqDQ2vbWxI5X8vWQUUoO+5sKCjBqW5r2MbtLZ7ZaTLmVqIO/8RpNYp4lcxEpqR1sW6N28fueh9D8FRp0namoBdruRqWOUW15AcJPZ12TBtHfL6XlAgCAIAgCAIAgCAIB570923mqdQuq0z2h778FPcu8+fKXU47z3v8AGbNhj9SWr05Lj5mFxIquWKEvaxduQ4eA00H9js52yPTnVhCybsRsJglLBnOY3HgPADee4SLSSuztR4IuTLXozsFsXX6priiljVO4kX0TuJ424AyFWSwXWuRm2vaIQoqa7z065ep6Bg2LU6oTQVHKU1XsgBRl4blGnkLRJK65HlVFaUcW5XbOe3qy06SUAS79nlpb8RsPQSiUmk58cl8+9iuim5OpuJuz6QFdxwSlSTz4yclakl4FdR/9S5tsqvtTdVXZPaqVCL8tcgPz9JKSxTS4Z+xpcE6kYvcuvYl1sJ1Rw1KmNQS1z3LZvM6yMUnib0+CuM8anOXXWRArClXqVAlVCtZLgqwykrpcj8Li2/14WrecL716fo6m4QTtmuvsXvQ1MuFVT7SnKwGuUqApFxvvbNf80nTjhVjJtHfLyTKBAEAQBAEAQBAEA41L2Nt9jbx4QdWuZ4RicSzOVsc97HPocxPaJvzOl+S95l7kkj7BuMKd93I41advu1Y2H/qN750PDeNBKowcniZmo0ZVJKrPyXBdanzCPUapTp0xdiwFNeRNtSRa2gvfW1r2k6sbq5o2mjFwlN5ZZ+C689LnpGw8OMPg6rA3JzXb3iOzfzJJlLVpxjwu/b3PBqLFVjDh+/Yl4H7mihteowCovMnUnzO/uAkmscrblqcqL6lRrcteut5wweBzVSzHMQwUnmw7T+Qtl8pnqyxz5L1eXyRnVyy03Hfh69qeKrc2c/wjLL6neivP2E43lCHh1+CJTpFMNQU7y6H45vrEO/LyLL3qyfItMRb7Uh4LTcnzb/mQSvStxb/LM8P4WuLR5/gqYAVG07ZZOXbW9r9+vmokZxxQyNtSOKN1r8Gq6COFfEoD2TUJA5G1/lf0lmljJtcezGXI2U6YhAEAQBAEAQBAEAQDIdK+g9PFMatIinVO+/sP421U948wZ1Ssejsn+QnRWGWcfQ812xsjE4Q2q02Vb6MNVPgw0PwPdLVJPQ+gobVSrrsPPhvNN0H2Z1eHq419WKstLuG4t4km3gO+QnK8lHzMP+QrudSNBaLNmnxiBcPRpHQHLm8AM7/CVRznJ+C6+550G3UlLrgjsq1TTQ12H3j2Sgnu5tFHjxPcDOVJWWCPm+t7IPN/TWizfMmYKmKYK/8ATXU82ILMT36L6yuEbRjzd/xl6Iqlnbm/6+St/wDj25uGP8TS951fL1/Ro12ldbv7JeMXtYRfzD4JOU3ZzfP2K4PKo+t5xxTn/FON9lpL421+L/CcgsoLz6+5KC7kfPr7GXbDKaFF7aBip5gcPO4IldN4U1wz8n00XQm05JePX4JfRlHpYyrxRsuvfvv4FCNed5ydRZW5WK9oalBW66Z6FLzzRAEAQBAEAQBAEAQBAIm1aoWjUJUN2T2SLhuQI4idSuWUo4ppFDjqAWlhqA0zMg003do6TkM5SfkbacrznU4dexIrURUrKD7KLmPLU3APdoD4KZXCVoXWr08/6K4ywU8tX114lPg9oDFY6pU/ycMCqci5HbfxsMo5ecjKOkOOvv8ABbKn9Omo/wC0ukiyoYi+Eq1fezt8gJdLOpFcn7EZpfWjFbrHHHU7YWhTHE0x9frEf5JPwXX3FN/90pcLkvE2+0U+SI7Hu1yj6+krj/G+bfqVw/ifNpEWnrTw4P8Am1c59S/6SxPtt8MuvwWvKU3wVig2WM1DGUfxUq1Ur3douvyMpg84y4q3uTfZnCXFJe3wfMKzdcMjAEhLX3cSAe5lYjxWcwpZbsyGFJdrTPry9zZbHxjszI65SFBte432up4r8pbG1sndGWtTUc4u6LaSKBAEAQBAEAQBAEAQDhVpKwswBHIwdTad0QsZs4PUSpmIyBtLXvfjONdlpby2FVxi48TK9MNrfZ6FQLo7C72/DfRVHkB6XnI5K/kjbs1NSak9Fp8kPYeG6jZ4B9qrvP73aY+QkaavUb4ZffX2LL461+HXrcvcQmXBU097q19TLI51X4IohnXb4folY4XrYdPdJY+Ci0jB2jKXN/BXTfYnLjl9/wBkSvULU6r8azCmn7t8oPn2j5zsY2ajwXXuWxSUlH/5zfX2JRW+JpqN1OmT5sco+AkHnSb4++SKr2pNve/7MzsWqPt+KH4apcj/AOrkH4XiplHwaNFVWox4q3p+jhWoFVp1QLlC9Nx7yq17eIFyJ19+3E65LG4vfZo0+xsX97TUnMHVurfidxKtzNhe/cb7pyCzf5+THVj2Xy1RopYZhAEAQBAEAQBAEAQBAEAgYvY2HqhhUpK2YgnML6jcR7p7xaCxVZq1noV+29k9gFLkKpUKASRmNidO643RBKORfs9azszrxdRGbDIHUgHMbMNyr485GMksU+tDsG0py6zI2Ix6NUqZaidY/wB1SUMCxt7bBRrvufKcjZKMWycUoqKemr9j7jsVSpVqFFmIFIZiAjMb2svsg+Mi6iipNvN9IQvKMpLVkSp0hpUmr1WWsb2CWpMOyBp7Vra85F1YWjFaIlKlJxjHhqUuzTath311azE6W6xcwv8AxSzKaa4ljeNTXn9v0XtWg3+JQDW4qr6XPxFvORfbjFvrpopbTUG/D4J/R7ZzdlmUqgOZQ1wVbccoP4TqfPv0kk73ZTVqXyNJJmYQBAEAQBAEAQBAEAQBAEAQDAbT2XTL1FZFNmO8cL6fC08yorSaPVpSvFMptiYBae08LlFhmb+RpZQfaRHaO4zb7dp2rA80HwJ/pJ7Qu1cp2Z9mxRbaP3L+B+Uzmi5t8Nh1VEWw7KqN3IWE9NKx5bZ3zpwQBAEAQBAEAQBAEAQBAEAQBAEAy/SGlatf3lB8xofgBMO0xtK5v2aXZsZyg2TH4Vv9QD+IFfm0hRdposrK8GbHpCutM9zD5TRtG4zbNvMxtjVUX3nQepEyxV2aZOyZ6DPTPMEAQBAEAQBAEAQBAEAQBAEAQBAEApek9PsI/Ikeo/pM20rs3NOzPtNGK2lpVpHlUpkeIYTJDvI2T7rN10hXsIeTW9Qf0E27QuyYtnfaMzjjmrYYWterS+czQzmjTPKDN3PQPOEAQBAEAQBAEAQBAEAQBAEAQBAEArtvrfDv3FT/ALhKq6vBltB9tGC20coV/dZW9DeeenZ3PRkrqxutvMDRHewt6EzfX7hgod8y2KOV6D+7Vpk+GYX+ExwdpI1zV4s3s9I80QBAEAQBAEAQBAEAQBAEAQBAEAQCFtgfcVPD6iV1e4yyl30YbalO6Tzj0y9p4nrMDhTxtY+KAoflNVSV6aMkI2qyKrayXot4GZjQbnC1c9NG95VPqLz007o8xqzO2dOCAIAgCAIAgCAIAgCAIAgCAIAgEfaCXpVB+VvlIzV4tEoO0kzD4sXWeYeqSdkH/Bj8tZwPNc3zMv8A/JeJn/8AV+Bxxguh8DKS01ewjfC4c/6VP+QT0od1Hmz7zJ0kREAQBAEAQBAEAQBAEAQBAEAQBABEAw2MpZc6+6SPSeZNWbR6sHdJkjYNO+Crd1Yn/an0Mvir0mZ5O1ZHTifYMzl5p+j/AP7TD/8AaT+UT0afcR51TvMsJMgIAgCAIAgCAIAgCAIAgCAIAgCAIBl+kFC1Vj7wB+h+XxmHaI2lc37PK8LHLofTzYfEJzqMPWmktoK8GinaHaomV1f2DMrNZqdhi2Fw/wD2qf8AKJ6EO6jzZ95k6TIiAIAgCAIAgCAIAgCAIAgCAIAgCAVHSKjdFbkbeR/qBM+0RvG5o2aVpWIXQ82OJX8yt6rb/wAZzZtGS2pZpkTa1PK1Ud5+Ov1lFVWky+k7xRpdlC1CiP8ATT+UTdHRGCWrJUkREAQBAEAQBAEAQBAEAQBAEAQBAEA6MdRz03XmDbx3j4yM1eLRKEsMkzP9Hny4px/1KYP8Lf8A7mbZnm0atpXZTOXSFPvH71B+n0ka67R3Z32S92cfuaX7ifyibI6Ixy1ZInTggCAIAgCAIAgCAIAgCAIAgCAIAgHxhpAMXtFUp18MSNFqWLXNxZ7X394v3TFZRmjZdygy22/rUsAb5OXebCTr6nNndolhsOuHw9IjgoVr8GXssPUGX03eKM81aTJ8mQEAQBAEAQBAEAQBAEAQBAEAQBAEAQDAdIh1tNy4ZWLVBYaEceZ90bj85iqWxNnoU0lkuBbYiuW6k330UI4nUXuf74SVR3aK6SWFlx0eq5sNTN76EE2y3IYgm3DWX0neCM1TvMsZYQEAQBAEAQBAEAQBAEAQBAEAQBAEA+GAYivsfFZWUhW1YrZDfW9r3OvjmF+6Y3Cpe5uVaOpI2jhWpLhgbArSsRqTdLdnsmx3/CTmmkshQkpYjv6MYi2JxCFjZ8hpqb2Ngc5Gtge7S8lRe4prRyTsamXmcQBAEAQBAEAQBAEAQBAEAQBAEAQBAEArtr7N64LZipXl5ePLlK6kHJZFlOpgKvZvRc08SuINQsVBGpJNiLZRuCjyldOi4u9yc62JWNLNBQIAgCAIAgCAIAgCAIAgCAIAgCAIAgCAIAgCAIAgCAIAgCAf/9k=', '$2y$10$.oK2xJGABFJTYM6dJHrhbuiggErmX9aps2gzKJnIbeLXqg.TGGQfG', 'user');

--
-- Indexes for dumped tables
--

--
-- Indexes for table `billing_addresses`
--
ALTER TABLE `billing_addresses`
  ADD PRIMARY KEY (`id`),
  ADD KEY `order_id` (`order_id`),
  ADD KEY `user_id` (`user_id`);

--
-- Indexes for table `cart`
--
ALTER TABLE `cart`
  ADD PRIMARY KEY (`id`),
  ADD KEY `user_id` (`user_id`),
  ADD KEY `product_id` (`product_id`);

--
-- Indexes for table `orders`
--
ALTER TABLE `orders`
  ADD PRIMARY KEY (`id`),
  ADD KEY `user_id` (`user_id`);

--
-- Indexes for table `order_items`
--
ALTER TABLE `order_items`
  ADD PRIMARY KEY (`id`),
  ADD KEY `order_id` (`order_id`),
  ADD KEY `product_id` (`product_id`);

--
-- Indexes for table `products`
--
ALTER TABLE `products`
  ADD PRIMARY KEY (`id`);

--
-- Indexes for table `users`
--
ALTER TABLE `users`
  ADD PRIMARY KEY (`id`),
  ADD UNIQUE KEY `username` (`username`),
  ADD UNIQUE KEY `email` (`email`);

--
-- AUTO_INCREMENT for dumped tables
--

--
-- AUTO_INCREMENT for table `billing_addresses`
--
ALTER TABLE `billing_addresses`
  MODIFY `id` int(11) NOT NULL AUTO_INCREMENT, AUTO_INCREMENT=41;

--
-- AUTO_INCREMENT for table `cart`
--
ALTER TABLE `cart`
  MODIFY `id` int(11) NOT NULL AUTO_INCREMENT, AUTO_INCREMENT=135;

--
-- AUTO_INCREMENT for table `orders`
--
ALTER TABLE `orders`
  MODIFY `id` int(11) NOT NULL AUTO_INCREMENT, AUTO_INCREMENT=52;

--
-- AUTO_INCREMENT for table `order_items`
--
ALTER TABLE `order_items`
  MODIFY `id` int(11) NOT NULL AUTO_INCREMENT, AUTO_INCREMENT=145;

--
-- AUTO_INCREMENT for table `products`
--
ALTER TABLE `products`
  MODIFY `id` int(11) NOT NULL AUTO_INCREMENT, AUTO_INCREMENT=118;

--
-- AUTO_INCREMENT for table `users`
--
ALTER TABLE `users`
  MODIFY `id` int(11) NOT NULL AUTO_INCREMENT, AUTO_INCREMENT=75;

--
-- Constraints for dumped tables
--

--
-- Constraints for table `billing_addresses`
--
ALTER TABLE `billing_addresses`
  ADD CONSTRAINT `billing_addresses_ibfk_1` FOREIGN KEY (`order_id`) REFERENCES `orders` (`id`),
  ADD CONSTRAINT `billing_addresses_ibfk_2` FOREIGN KEY (`user_id`) REFERENCES `users` (`id`);

--
-- Constraints for table `cart`
--
ALTER TABLE `cart`
  ADD CONSTRAINT `cart_ibfk_1` FOREIGN KEY (`user_id`) REFERENCES `users` (`id`),
  ADD CONSTRAINT `cart_ibfk_2` FOREIGN KEY (`product_id`) REFERENCES `products` (`id`);

--
-- Constraints for table `orders`
--
ALTER TABLE `orders`
  ADD CONSTRAINT `orders_ibfk_1` FOREIGN KEY (`user_id`) REFERENCES `users` (`id`);

--
-- Constraints for table `order_items`
--
ALTER TABLE `order_items`
  ADD CONSTRAINT `order_items_ibfk_1` FOREIGN KEY (`order_id`) REFERENCES `orders` (`id`),
  ADD CONSTRAINT `order_items_ibfk_2` FOREIGN KEY (`product_id`) REFERENCES `products` (`id`);
COMMIT;

/*!40101 SET CHARACTER_SET_CLIENT=@OLD_CHARACTER_SET_CLIENT */;
/*!40101 SET CHARACTER_SET_RESULTS=@OLD_CHARACTER_SET_RESULTS */;
/*!40101 SET COLLATION_CONNECTION=@OLD_COLLATION_CONNECTION */;
